ID;Nome;Sigla;País;Títulos;Participações;Poles;Vitórias;Pódios;Voltas mais;Pontos;Equipes;Data Nascimento;Posto;
1;Carlo Abate;ABA;Itália;0;3;0;0;0;0;0;Ferrari;10/07/1932;Titular;
2;George Abecassis;ABE;Reino Unido;0;2;0;0;0;0;0;ERA, Aston Martin, HWM;21/03/1913;Titular;
3;Kenny Acheson;ACH;Reino Unido;0;10;0;0;0;0;0;Toleman, Renault;27/11/1957;Titular;
4;Andrea de Adamich;ADA;Itália;0;36;0;0;0;0;6;Ferrari, March, Tecno;03/10/1941;Titular;
5;Philippe Adams;ADA;Bélgica;0;2;0;0;0;0;0; Osella, March;19/11/1969;Titular;
6;Walt Ader;ADE;Estados Unidos;0;1;0;0;0;0;0;;15/12/1913;Titular;
7;Kurt Adolff;ADO;Alemanha;0;1;0;0;0;0;0;;05/11/1921;Titular;
8;Fred Agabashian;AGA;Estados Unidos;0;9;1;0;0;0;1.5;Kurtis Kraft, Agabashian;21/08/1913;Titular;
9;Kurt Ahrens Jr.;AHR;Alemanha;0;1;0;0;0;0;0;Porsche;19/04/1940;Titular;
10;Jack Aitken;AIT;Reino Unido;0;1;0;0;0;0;0;Williams;23/09/1995;Titular;
11;Christijan Albers;ALB;Países Baixos;0;46;0;0;0;0;4;Minardi, Midland, Spyker;16/04/1979;Titular;
12;Alexander Albon;ALB;Tailândia;0;106;0;0;2;0;240;Toro Rosso, Red Bull, Williams;23/03/1996;Titular;
13;Michele Alboreto;ALB;Itália;0;215;2;5;23;5;186.5;Tyrrell, Ferrari, Alfa Romeo, Ligier, Minardi;23/12/1956;Titular;
14;Jean Alesi;ALE;França;0;202;2;1;32;4;241;Tyrrell, Ferrari, Benetton, Sauber, Prost, Jordan;11/06/1964;Titular;
15;Jaime Alguersuari;ALG;Espanha;0;46;0;0;0;0;31;Toro Rosso;23/03/1990;Titular;
16;Philippe Alliot;ALL;França;0;116;0;0;0;0;7;Larrousse, Ligier, McLaren, Simtek;27/07/1954;Titular;
17;Cliff Allison;ALI;Reino Unido;0;18;0;0;1;0;11;Ferrari, Lotus, BRM;08/02/1932;Titular;
18;Fernando Alonso;ALO;Espanha;2;398;22;32;106;26;2325;Minardi, Renault, McLaren, Ferrari, Alpine, Aston Martin;29/07/1981;Titular;
19;Giovanna Amati;AMA;Itália;0;3;0;0;0;0;0;Brabham;20/07/1959;Titular;
20;George Amick;AMI;Estados Unidos;0;2;0;0;1;0;6;Maserati, Ferrari, Aston Martin;24/10/1924;Titular;
21;Red Amick;AMI;Estados Unidos;0;2;0;0;0;0;0;;19/01/1929;Titular;
22;Chris Amon;AMO;Nova Zelândia;0;108;5;0;11;3;83;Ferrari, Matra, March, Amon, Matra;20/07/1943;Titular;
23;Bob Anderson;AND;Reino Unido;0;29;0;0;1;0;8;Cooper, Lotus;19/05/1931;Titular;
24;Conny Andersson;AND;Suécia;0;5;0;0;0;0;0;BRM;28/12/1939;Titular;
25;Mario Andretti;AND;Estados Unidos;1;131;18;12;19;10;180;Ferrari, Lotus, March, Parnelli, Alfa Romeo, Newman-Haas;28/02/1940;Titular;
26;Michael Andretti;AND;Estados Unidos;0;13;0;0;1;0;7;McLaren, Ferrari, Honda;05/10/1962;Titular;
27;Keith Andrews;AND;Estados Unidos;0;3;0;0;0;0;0;;15/06/1920;Titular;
28;Elio de Angelis;DEA;Itália;0;109;3;2;9;0;122;Lotus, Brabham, Tyrrell, Alfa Romeo;26/03/1958;Titular;
29;Marco Apicella;API;Itália;0;1;0;0;0;0;0;Jordan;07/10/1965;Titular;
30;Mário de Araújo Cabral;CAB;Portugal;0;5;0;0;0;0;0;;15/01/1934;Titular;
31;Frank Armi;ARM;Estados Unidos;0;3;0;0;0;0;0;;12/10/1918;Titular;
32;Chuck Arnold;ARN;Estados Unidos;0;2;0;0;0;0;0;;30/05/1926;Titular;
33;René Arnoux;ARN;França;0;164;18;7;22;12;181;Renault, Ferrari, Ligier, Prost;04/07/1948;Titular;
34;Peter Arundell;ARU;Reino Unido;0;13;0;0;2;0;12;Lotus;08/11/1933;Titular;
35;Alberto Ascari;ASC;Itália;2;33;14;13;17;12;107.64;Ferrari;13/07/1918;Titular;
36;Peter Ashdown;ASH;Reino Unido;0;1;0;0;0;0;0;;16/10/1934;Titular;
37;Ian Ashley;ASH;Reino Unido;0;11;0;0;0;0;0;Hesketh, Ensign;26/10/1947;Titular;
38;Gerry Ashmore;ASH;Reino Unido;0;4;0;0;0;0;0;;25/07/1936;Titular;
39;Bill Aston;AST;Reino Unido;0;3;0;0;0;0;0;;29/03/1900;Titular;
40;Richard Attwood;ATT;Reino Unido;0;17;0;0;1;1;11;BRM, Porsche;04/04/1940;Titular;
41;Manny Ayulo;AYU;Estados Unidos;0;6;0;0;1;0;2;;20/10/1921;Titular;
42;Luca Badoer;BAD;Itália;0;58;0;0;0;0;0;Minardi, Ferrari, Honda;25/01/1971;Titular;
43;Giancarlo Baghetti;BAG;Itália;0;21;0;1;1;1;14;Ferrari, ATS, BRM;25/12/1934;Titular;
44;Julian Bailey;BAI;Reino Unido;0;20;0;0;0;0;1;Tyrrell;09/10/1961;Titular;
45;Mauro Baldi;BAL;Itália;0;41;0;0;0;0;5;Alfa Romeo, Minardi, Ferrari;31/01/1954;Titular;
46;Bobby Ball;BAL;Estados Unidos;0;2;0;0;0;0;2;;13/08/1925;Titular;
47;Marcel Balsa;BAL;França;0;1;0;0;0;0;0;;01/01/1909;Titular;
48;Lorenzo Bandini;BAN;Itália;0;42;1;1;8;2;58;Ferrari, Cooper;21/12/1935;Titular;
49;Henry Banks;BAN;Estados Unidos;0;5;0;0;0;0;0;;14/06/1913;Titular;
50;Fabrizio Barbazza;BAR;Itália;0;20;0;0;0;0;2;Minardi, Tyrrell, Footwork;02/04/1963;Titular;
51;John Barber;BAR;Reino Unido;0;1;0;0;0;0;0;;22/07/1929;Titular;
52;Skip Barber;BAR;Estados Unidos;0;6;0;0;0;0;0;;16/11/1936;Titular;
53;Paolo Barilla;BAR;Itália;0;15;0;0;0;0;0;Minardi;20/04/1961;Titular;
54;Rubens Barrichello;BAR;Brasil;0;326;14;11;68;17;658;Jordan, Stewart, Ferrari, Honda, Brawn GP, Williams;23/05/1972;Titular;
55;Michael Bartels;BAR;Alemanha;0;4;0;0;0;0;0;;08/03/1968;Titular;
56;Edgar Barth;BAR;Alemanha;0;7;0;0;0;0;0;Porsche, BMW;26/01/1917;Titular;
57;Giorgio Bassi;BAS;Itália;0;1;0;0;0;0;0;;20/01/1934;Titular;
58;Erwin Bauer;BAU;Alemanha;0;1;0;0;0;0;0;;17/07/1912;Titular;
59;Zsolt Baumgartner;BAU;Hungria;0;20;0;0;0;0;1;Minardi, Jordan;01/01/1981;Titular;
60;Élie Bayol;BAY;França;0;8;0;0;0;0;2;;28/02/1914;Titular;
61;Oliver Bearman;BEA;Reino Unido;0;3;0;0;0;0;7;Ferrari, Haas;08/05/2005;Titular;
62;Don Beauman;BEA;Reino Unido;0;1;0;0;0;0;0;;26/07/1928;Titular;
63;Karl-Günther Bechem;BEC;Alemanha;0;2;0;0;0;0;0;;21/12/1921;Titular;
64;Jean Behra;BEH;França;0;53;0;0;9;1;51.14;Gordini, Maserati, Ferrari;16/02/1921;Titular;
65;Derek Bell;BEL;Reino Unido;0;16;0;0;0;0;1;Ferrari, Porsche, Ford, McLaren;31/10/1941;Titular;
66;Stefan Bellof;BEL;Alemanha;0;22;0;0;0;0;4;Tyrrell, Porsche;20/11/1957;Titular;
67;Paul Belmondo;BEL;França;0;27;0;0;0;0;0;Ligier, Minardi;23/04/1963;Titular;
68;Tom Belsø;BEL;Dinamarca;0;5;0;0;0;0;0;;27/08/1942;Titular;
69;Jean-Pierre Beltoise;BEL;França;0;88;0;1;8;4;77;Matra, BRM, Tyrrell, Ligier;26/04/1937;Titular;
70;Olivier Beretta;BER;Mônaco;0;10;0;0;0;0;0;Ferrari, Larrousse, Minardi;23/11/1969;Titular;
71;Allen Berg;BER;Canadá;0;9;0;0;0;0;0;Osella, Toleman;01/08/1961;Titular;
72;Georges Berger;BER;Bélgica;0;2;0;0;0;0;0;;14/09/1918;Titular;
73;Gerhard Berger;BER;Áustria;0;210;12;10;48;21;385;ATS, Ferrari, McLaren, Benetton, Ligier;27/08/1959;Titular;
74;Éric Bernard;BER;França;0;47;0;0;1;0;10;Larrousse, Ligier, Ferrari;24/08/1964;Titular;
75;Enrique Bernoldi;BER;Brasil;0;29;0;0;0;0;0;Arrows, Jaguar;19/10/1978;Titular;
76;Enrico Bertaggia;BER;Itália;0;6;0;0;0;0;0;Dallara, Minardi;19/09/1964;Titular;
77;Tony Bettenhausen;BET;Estados Unidos;0;11;0;0;1;1;11;;12/09/1916;Titular;
78;Mike Beuttler;BEU;Reino Unido;0;29;0;0;0;0;0;Brabham, Surtees;13/04/1940;Titular;
79;Birabongse Bhanudej;BHA;Tailândia;0;19;0;0;0;0;8;BRM, Maserati;15/07/1914;Titular;
80;Jules Bianchi;BIA;França;0;34;0;0;0;0;2;Marussia;03/08/1989;Titular;
81;Lucien Bianchi;BIA;Bélgica;0;19;0;0;1;0;6;Ferrari, BRM, Lotus, Cooper;10/11/1934;Titular;
82;Gino Bianco;BIA;Brasil;0;4;0;0;0;0;0;;22/07/1916;Titular;
83;Hans Binder;BIN;Áustria;0;15;0;0;0;0;0;ATS, Arrows, Tyrell;12/06/1948;Titular;
84;Clemente Biondetti;BIO;Itália;0;1;0;0;0;0;0;;18/08/1898;Titular;
85;Pablo Birger;BIR;Argentina;0;2;0;0;0;0;0;;07/01/1924;Titular;
86;Art Bisch;BIS;Estados Unidos;0;1;0;0;0;0;0;;10/11/1926;Titular;
87;Harry Blanchard;BLA;Estados Unidos;0;1;0;0;0;0;0;;13/06/1929;Titular;
88;Michael Bleekemolen;BLE;Países Baixos;0;5;0;0;0;0;0;;02/10/1949;Titular;
89;Alex Blignaut;BLI;África do Sul;0;1;0;0;0;0;0;;30/11/1932;Titular;
90;Trevor Blokdyk;BLO;África do Sul;0;2;0;0;0;0;0;;30/11/1935;Titular;
91;Mark Blundell;BLU;Reino Unido;0;63;0;0;3;0;32;Ligier, Tyrrell, McLaren, Minardi, Benetton;08/04/1966;Titular;
92;Raul Boesel;BOE;Brasil;0;30;0;0;0;0;0;Ligier, EuroBrun, Arrows;04/12/1957;Titular;
93;Menato Boffa;BOF;Itália;0;1;0;0;0;0;0;;04/12/1930;Titular;
94;Bob Bondurant;BON;Estados Unidos;0;9;0;0;0;0;3;Ferrari, Ford;27/04/1933;Titular;
95;Felice Bonetto;BON;Itália;0;16;0;0;2;0;17.5;Alfa Romeo, Maserati, Ferrari;09/06/1903;Titular;
96;Jo Bonnier;BON;Suécia;0;108;1;1;1;0;39;Porsche, BRM, Cooper, Ferrari;31/01/1930;Titular;
97;Roberto Bonomi;BON;Argentina;0;1;0;0;0;0;0;;30/09/1919;Titular;
98;Juan Manuel Bordeu;BOR;Argentina;0;1;0;0;0;0;0;;28/01/1934;Titular;
99;Slim Borgudd;BOR;Suécia;0;15;0;0;0;0;1;Tyrrell, ATS;25/11/1946;Titular;
100;Luki Botha;BOT;África do Sul;0;1;0;0;0;0;0;;12/06/1930;Titular;
101;Valtteri Bottas;BOT;Finlândia;0;247;20;10;67;19;1797;Williams, Mercedes, Alfa Romeo, Sauber;28/08/1989;Titular;
102;Jean-Christophe Boullion;BOU;França;0;11;0;0;0;0;3;Sauber, Pacific;30/12/1969;Titular;
103;Sébastien Bourdais;BOU;França;0;27;0;0;0;0;6;Toro Rosso;28/02/1979;Titular;
104;Thierry Boutsen;BOU;Bélgica;0;164;1;3;15;1;132;Arrows, Benetton, Ferrari, Ligier, Williams;13/07/1957;Titular;
105;Johnny Boyd;BOY;Estados Unidos;0;6;0;0;1;0;4;;19/08/1932;Titular;
106;David Brabham;BRA;Austrália;0;30;0;0;0;0;0;Simtek, Brabham, McLaren, Ferrari, Peugeot;07/09/1965;Titular;
107;Gary Brabham;BRA;Austrália;0;2;0;0;0;0;0;;21/03/1961;Titular;
108;Jack Brabham;BRA;Austrália;3;128;13;14;31;12;253;Cooper, Brabham;02/04/1926;Titular;
109;Bill Brack;BRA;Canadá;0;3;0;0;0;0;0;;26/12/1944;Titular;
110;Ernesto Brambilla;BRA;Itália;0;2;0;0;0;0;0;March;05/01/1934;Titular;
111;Vittorio Brambilla;BRA;Itália;0;79;1;1;1;1;15.5;March, Alfa Romeo;11/11/1937;Titular;
112;Toni Branca;BRA;Suíça;0;3;0;0;0;0;0;;15/09/1916;Titular;
113;Gianfranco Brancatelli;BRA;Itália;0;3;0;0;0;0;0;Osella, Minardi;18/01/1950;Titular;
114;Eric Brandon;BRA;Reino Unido;0;5;0;0;0;0;0;;18/07/1920;Titular;
115;Don Branson;BRA;Estados Unidos;0;2;0;0;0;0;0;;02/06/1920;Titular;
116;Tom Bridger;BRI;Reino Unido;0;1;0;0;0;0;0;;24/06/1932;Titular;
117;Tony Brise;BRI;Reino Unido;0;10;0;0;0;0;1;Graham Hill, Hesketh, Lola;28/03/1952;Titular;
118;Chris Bristow;BRI;Reino Unido;0;4;0;0;0;0;0;BRM;02/08/1937;Titular;
119;Peter Broeker;BRO;Canadá;0;1;0;0;0;0;0;;15/05/1932;Titular;
120;Tony Brooks;BRO;Reino Unido;0;39;3;6;10;3;75;BRM, Ferrari, Vanwall, Cooper;25/02/1932;Titular;
121;Alan Brown;BRO;Reino Unido;0;9;0;0;0;0;2;;20/11/1928;Titular;
122;Walt Brown;BRO;Estados Unidos;0;2;0;0;0;0;0;;30/12/1926;Titular;
123;Warwick Brown;BRO;Austrália;0;1;0;0;0;0;0;;24/12/1949;Titular;
124;Adolf Brudes;BRU;Alemanha;0;1;0;0;0;0;0;;21/10/1904;Titular;
125;Martin Brundle;BRU;Reino Unido;0;165;0;0;9;0;98;Brabham, Zakspeed, Tyrrell, Benetton, Ligier, McLaren;01/06/1959;Titular;
126;Gianmaria Bruni;BRU;Itália;0;18;0;0;0;0;0;Minardi;30/05/1981;Titular;
127;Jimmy Bryan;BRY;Estados Unidos;0;10;0;1;3;0;18;Belond, Maserati;22/01/1926;Titular;
128;Clemar Bucci;BUC;Argentina;0;5;0;0;0;0;0;;04/09/1926;Titular;
129;Ronnie Bucknum;BUC;Estados Unidos;0;11;0;0;0;0;2;Honda, Ferrari, BRM, Lotus, Eagle;05/12/1936;Titular;
130;Ivor Bueb;BUE;Reino Unido;0;6;0;0;0;0;0;BRM, Cooper, Lotus;06/01/1988;Titular;
131;Sébastien Buemi;BUE;Suíça;0;55;0;0;0;0;29;Toro Rosso;16/04/1940;Titular;
132;Luiz Bueno;BUE;Brasil;0;1;0;0;0;0;0;;06/07/1930;Titular;
133;Ian Burgess;BUR;Reino Unido;0;20;0;0;0;0;0;;05/03/1975;Titular;
134;Luciano Burti;BUR;Brasil;0;15;0;0;0;0;0;Prost, Jaguar, Minardi;04/10/1931;Titular;
135;Roberto Bussinello;BUS;Itália;0;3;0;0;0;0;0;;19/01/1980;Titular;
136;Jenson Button;BUT;Reino Unido;1;309;8;15;50;8;1235;Williams, BAR, Honda, McLaren, Brawn GP;06/05/1958;Titular;
137;Tommy Byrne;BYR;Irlanda;0;5;0;0;0;0;0;;19/02/1923;Titular;
138;Giulio Cabianca;CAB;Itália;0;4;0;0;0;0;3;;04/06/1918;Titular;
139;Phil Cade;CAD;Estados Unidos;0;1;0;0;0;0;0;;18/09/1964;Titular;
140;Alex Caffi;CAF;Itália;0;75;0;0;0;0;6;Minardi, Footwork, Tyrrell;07/04/1934;Titular;
141;John Campbell-Jones;CAM;Reino Unido;0;2;0;0;0;0;0;;17/06/1930;Titular;
142;Adrián Campos;CAM;Espanha;0;21;0;0;0;0;0;Minardi;27/06/1968;Titular;
143;John Cannon;CAN;Canadá;0;1;0;0;0;0;0;;22/06/1931;Titular;
144;Eitel Cantoni;CAN;Uruguai;0;3;0;0;0;0;0;;25/10/1906;Titular;
145;Bill Cantrell;CAN;Estados Unidos;0;2;0;0;0;0;0;;31/01/1908;Titular;
146;Ivan Capelli;CAP;Itália;0;98;0;0;3;0;31;March, Ferrari, Leyton House, Jordan, Minardi;24/05/1963;Titular;
147;Piero Carini;CAR;Itália;0;3;0;0;0;0;0;;06/03/1916;Titular;
148;Duane Carter;CAR;Estados Unidos;0;8;0;0;1;0;6.5;;05/10/1928;Titular;
149;Eugenio Castellotti;CAS;Itália;0;14;1;0;3;0;19.5;Ferrari;10/10/1930;Titular;
150;Johnny Cecotto;CEC;Venezuela;0;23;0;0;0;0;1;Toleman, Zakspeed, Minardi, Ligier;23/01/1956;Titular;
151;Andrea de Cesaris;CES;Itália;0;214;1;0;5;1;59;Alfa Romeo, Ligier, Minardi, Tyrrell, Ferrari, Brabham, Jordan;31/05/1959;Titular;
152;François Cevert;CEV;França;0;47;0;1;13;2;89;Tyrrell;25/02/1944;Titular;
153;Eugène Chaboud;CHA;França;0;3;0;0;0;0;1;;12/12/1907;Titular;
154;Jay Chamberlain;CHA;Estados Unidos;0;3;0;0;0;0;0;;29/10/1925;Titular;
155;Karun Chandhok;CHA;Índia;0;11;0;0;0;0;0;HRT, Team Lotus;19/01/1984;Titular;
156;Alain de Changy;CHA;Bélgica;0;1;0;0;0;0;0;;23/02/1922;Titular;
157;Colin Chapman;CHA;Reino Unido;0;1;0;0;0;0;0;Vanwall;19/05/1928;Titular;
158;Dave Charlton;CHA;África do Sul;0;14;0;0;0;0;0;;27/10/1936;Titular;
159;Pedro Matos Chaves;MAT;Portugal;0;13;0;0;0;0;0;;27/02/1965;Titular;
160;Bill Cheesbourg;CHE;Estados Unidos;0;4;0;0;0;0;0;;29/06/1927;Titular;
161;Eddie Cheever;CHE;Estados Unidos;0;143;0;0;9;0;70;Renault, Arrows, Alfa Romeo, Ligier, Ferrari, Minardi;10/01/1958;Titular;
162;Andrea Chiesa;CHI;Suíça;0;10;0;0;0;0;0;Minardi;06/05/1964;Titular;
163;Max Chilton;CHI;Reino Unido;0;35;0;0;0;0;0;Marussia;21/04/1991;Titular;
164;Ettore Chimeri;CHI;Venezuela;0;1;0;0;0;0;0;;04/06/1921;Titular;
165;Louis Chiron;CHI;Mônaco;0;19;0;0;1;0;4;Maserati, Ferrari, Alfa Romeo;03/08/1899;Titular;
166;Joie Chitwood;CHI;Estados Unidos;0;1;0;0;0;0;1;;14/04/1912;Titular;
167;Bob Christie;CHR;Estados Unidos;0;7;0;0;0;0;0;;04/04/1925;Titular;
168;Johnny Claes;CLA;Bélgica;0;25;0;0;0;0;0;Maserati, Alfa Romeo;11/08/1916;Titular;
169;David Clapham;CLA;África do Sul;0;1;0;0;0;0;0;;27/10/1934;Titular;
170;Jim Clark;CLA;Reino Unido;2;73;33;25;32;28;255;Lotus;04/03/1936;Titular;
171;Kevin Cogan;COG;Estados Unidos;0;2;0;0;0;0;0;Ensign, Tyrrell, Ligier;31/03/1956;Titular;
172;Franco Colapinto;COL;Argentina;0;9;0;0;0;0;5;Williams;27/05/2003;Titular;
173;Peter Collins;COL;Reino Unido;0;35;0;3;9;0;47;Ferrari, Maserati;06/11/1931;Titular;
174;Bernard Collomb;COL;França;0;6;0;0;0;0;0;;07/10/1930;Titular;
175;Alberto Colombo;COL;Itália;0;3;0;0;0;0;0;;23/02/1940;Titular;
176;Érik Comas;COM;França;0;63;0;0;0;0;7;Ligier, Larrousse;28/09/1963;Titular;
177;Franco Comotti;COM;Itália;0;2;0;0;0;0;0;;24/07/1906;Titular;
178;George Connor;CON;Estados Unidos;0;4;0;0;0;0;0;;15/08/1906;Titular;
179;George Constantine;CON;Estados Unidos;0;1;0;0;0;0;0;;22/02/1914;Titular;
180;John Cordts;COR;Canadá;0;1;0;0;0;0;0;;23/03/1935;Titular;
181;David Coulthard;COU;Reino Unido;0;247;12;13;62;18;535;Williams, McLaren, Red Bull;27/03/1971;Titular;
182;Piers Courage;COU;Reino Unido;0;29;0;0;2;0;20;Frank Williams Racing, Brabham, De Tomaso;27/05/1942;Titular;
183;Chris Craft;CRA;Reino Unido;0;2;0;0;0;0;0;;17/07/1948;Titular;
184;Jim Crawford;CRA;Reino Unido;0;2;0;0;0;0;0;;26/10/1916;Titular;
185;Ray Crawford;CRA;Estados Unidos;0;5;0;0;0;0;0;;14/01/1920;Titular;
186;Alberto Crespo;CRE;Argentina;0;1;0;0;0;0;0;;06/10/1923;Titular;
187;Antonio Creus;CRE;Espanha;0;1;0;0;0;0;0;;23/10/1923;Titular;
188;Larry Crockett;CRO;Estados Unidos;0;1;0;0;0;0;0;;16/07/1918;Titular;
189;Tony Crook;CRO;Reino Unido;0;2;0;0;0;0;0;;16/02/1920;Titular;
190;Art Cross;CRO;Estados Unidos;0;4;0;0;1;0;8;;03/05/1921;Titular;
191;Geoffrey Crossley;CRO;Reino Unido;0;2;0;0;0;0;0;;11/05/1921;Titular;
192;Jérôme d'Ambrosio;AMB;Bélgica;0;20;0;0;0;0;0;Marussia, Lotus;27/12/1985;Titular;
193;Chuck Daigh;DAI;Estados Unidos;0;6;0;0;0;0;0;Ferrari, Kurtis Kraft;07/11/1933;Titular;
194;Yannick Dalmas;DAL;França;0;49;0;0;0;0;0;Ligier, Peugeot, Prost;28/07/1961;Titular;
195;Derek Daly;DAL;Irlanda;0;64;0;0;0;0;15;Tyrrell, Zakspeed, Ferrari, Arrows;11/03/1953;Titular;
196;Christian Danner;DAN;Alemanha;0;47;0;0;0;0;4;Rial, Tyrrell, Arrows, Simtek;04/04/1958;Titular;
197;Jorge Daponte;DAP;Argentina;0;2;0;0;0;0;0;;05/06/1923;Titular;
198;Anthony Davidson;DAV;Reino Unido;0;24;0;0;0;0;0;Super Aguri, Honda, Toro Rosso, Toyota;18/04/1979;Titular;
199;Jimmy Davies;DAV;Estados Unidos;0;8;0;0;1;0;4;;18/08/1929;Titular;
200;Colin Davis;DAV;Reino Unido;0;2;0;0;0;0;0;;29/07/1933;Titular;
201;Jimmy Daywalt;DAY;Estados Unidos;0;10;0;0;0;0;0;;28/03/1924;Titular;
202;Jean-Denis Délétraz;DEN;Suíça;0;3;0;0;0;0;0;Larrousse, Pacific;01/10/1963;Titular;
203;Patrick Depailler;DEP;França;0;95;1;2;19;4;139;Tyrrell, Ligier, Alfa Romeo;09/08/1944;Titular;
204;Pedro Diniz;DIN;Brasil;0;99;0;0;0;0;10;Arrows, Sauber, Prost, Ligier;20/05/1970;Titular;
205;Duke Dinsmore;DIN;Estados Unidos;0;6;0;0;0;0;0;;06/04/1913;Titular;
206;Frank Dochnal;DOC;Estados Unidos;0;1;0;0;0;0;0;;08/06/1920;Titular;
207;José Dolhem;DOL;França;0;3;0;0;0;0;0;;31/01/1944;Titular;
208;Martin Donnelly;DON;Reino Unido;0;15;0;0;0;0;0;Lotus, Ferrari, Footwork;26/03/1964;Titular;
209;Mark Donohue;DON;Estados Unidos;0;16;0;0;1;0;8;Penske, McLaren;18/03/1937;Titular;
210;Jack Doohan;DOO;Austrália;0;1;0;0;0;0;0;Alpine;20/01/2003;Titular;
211;Robert Doornbos;DOO;Mônaco;0;11;0;0;0;0;0;Minardi, Red Bull, Toro Rosso;23/09/1981;Titular;
212;Ken Downing;DOW;Reino Unido;0;2;0;0;0;0;0;;05/01/1917;Titular;
213;Bob Drake;DRA;Estados Unidos;0;1;0;0;0;0;0;;14/12/1919;Titular;
214;Paddy Driver;DRI;África do Sul;0;2;0;0;0;0;0;;13/07/1934;Titular;
215;Piero Drogo;DRO;Itália;0;1;0;0;0;0;0;;08/08/1926;Titular;
216;Bernard de Dryver;DRY;Bélgica;0;2;0;0;0;0;0;;19/09/1952;Titular;
217;Johnny Dumfries;DUM;Reino Unido;0;16;0;0;0;0;3;Lotus, Tyrrell;26/04/1958;Titular;
218;Geoff Duke;DUK;Reino Unido;0;1;0;0;0;0;0;Norton, Gilera;29/03/1923;Titular;
219;Len Duncan;DUN;Estados Unidos;0;4;0;0;0;0;0;;25/07/1916;Titular;
220;Piero Dusio;DUS;Itália;0;1;0;0;0;0;0;;13/10/1899;Titular;
221;George Eaton;EAT;Canadá;0;13;0;0;0;0;0;;12/11/1945;Titular;
222;Bernie Ecclestone;ECC;Reino Unido;0;2;0;0;0;0;0;B. C. Ecclestone;28/10/1930;Titular;
223;Don Edmunds;EDM;Estados Unidos;0;2;0;0;0;0;0;;23/09/1930;Titular;
224;Guy Edwards;EDW;Reino Unido;0;17;0;0;0;0;0;;30/12/1942;Titular;
225;Vic Elford;ELF;Reino Unido;0;13;0;0;0;0;8;Porsche, BRM, McLaren;10/06/1935;Titular;
226;Ed Elisian;ELI;Estados Unidos;0;5;0;0;0;0;0;Ferrari, BRM;09/12/1926;Titular;
227;Paul Emery;EME;Reino Unido;0;2;0;0;0;0;0;;12/11/1916;Titular;
228;Tomáš Enge;ENG;República Tcheca;0;3;0;0;0;0;0;Prost, Jordan, Minardi;11/09/1976;Titular;
229;Paul England;ENG;Austrália;0;1;0;0;0;0;0;;28/03/1929;Titular;
230;Marcus Ericsson;ERI;Suécia;0;97;0;0;0;0;18;Caterham, Sauber, Alfa Romeo;02/09/1990;Titular;
231;Harald Ertl;ERT;Áustria;0;28;0;0;0;0;0;Hesketh, Ensign, Ligier, Shadow;31/08/1948;Titular;
232;Nasif Estéfano;EST;Argentina;0;2;0;0;0;0;0;;18/11/1932;Titular;
233;Philippe Étancelin;ETA;França;0;12;0;0;0;0;3;Talbot-Lago;28/12/1896;Titular;
234;Bob Evans;EVA;Reino Unido;0;12;0;0;0;0;0;;11/06/1947;Titular;
235;Corrado Fabi;FAB;Itália;0;18;0;0;0;0;0;Minardi, Toleman;12/03/1961;Titular;
236;Teo Fabi;FAB;Itália;0;71;3;0;2;2;23;Toleman, Benetton, Minardi, Alfa Romeo;09/02/1955;Titular;
237;Pascal Fabre;FAB;França;0;14;0;0;0;0;0;;21/01/1960;Titular;
238;Carlo Facetti;FAC;Itália;0;1;0;0;0;0;0;;04/02/1935;Titular;
239;Luigi Fagioli;FAG;Itália;0;7;1;1;6;0;28;Alfa Romeo, Maserati;09/06/1898;Titular;
240;Jack Fairman;FAI;Reino Unido;0;13;0;0;0;0;5;Ferrari, Connaught;15/03/1913;Titular;
241;Juan Manuel Fangio;MAN;Argentina;5;52;29;24;35;23;245;Alfa Romeo, Maserati, Ferrari, Mercedes, Peugeot;24/06/1911;Titular;
242;Nino Farina;FAR;Itália;1;34;5;5;20;5;115.33;Alfa Romeo, Ferrari, Maserati, Renault;16/02/1920;Titular;
243;Walt Faulkner;FAU;Estados Unidos;0;6;1;0;0;0;1;;28/03/1910;Titular;
244;William Ferguson;FER;África do Sul;0;1;0;0;0;0;0;;06/03/1940;Titular;
245;Maria Teresa de Filippis;TER;Itália;0;5;0;0;0;0;0;Maserati, Ferrari;11/11/1926;Titular;
246;Ralph Firman;FIR;Irlanda;0;15;0;0;0;0;1;Jordan, Minardi;20/04/1975;Titular;
247;Ludwig Fischer;FIS;Alemanha;0;1;0;0;0;0;0;;25/12/1915;Titular;
248;Rudi Fischer;FIS;Suíça;0;8;0;0;2;0;10;;19/04/1912;Titular;
249;Mike Fisher;FIS;Estados Unidos;0;2;0;0;0;0;0;;18/03/1943;Titular;
250;Giancarlo Fisichella;FIS;Itália;0;231;4;3;19;2;275;Minardi, Jordan, Benetton, Renault, Ferrari, Force India;14/01/1973;Titular;
251;John Fitch;FIT;Estados Unidos;0;2;0;0;0;0;0;Mercedes, Cunningham;04/08/1917;Titular;
252;Christian Fittipaldi;FIT;Brasil;0;43;0;0;0;0;12;Minardi, Footwork, Arrows, Jaguar;18/01/1971;Titular;
253;Emerson Fittipaldi;FIT;Brasil;2;149;6;14;35;6;281;Lotus, McLaren, Ferrari, Fittipaldi;12/12/1946;Titular;
254;Pietro Fittipaldi;FIT;Brasil;0;2;0;0;0;0;0;Haas;25/06/1996;Titular;
255;Wilson Fittipaldi;FIT;Brasil;0;38;0;0;0;0;3;Fittipaldi, Shadow;25/12/1943;Titular;
256;Theo Fitzau;FIT;Alemanha;0;1;0;0;0;0;0;;10/02/1923;Titular;
257;Pat Flaherty;FLA;Estados Unidos;0;6;1;1;1;0;8;;06/01/1926;Titular;
258;Jan Flinterman;FLI;Países Baixos;0;1;0;0;0;0;0;;02/10/1919;Titular;
259;Ron Flockhart;FLO;Reino Unido;0;14;0;0;1;0;5;;31/10/1923;Titular;
260;Myron Fohr;FOH;Estados Unidos;0;1;0;0;0;0;0;;17/06/1912;Titular;
261;Gregor Foitek;FOI;Suíça;0;22;0;0;0;0;0;Fondmetal, Simtek;27/03/1965;Titular;
262;George Follmer;FOL;Estados Unidos;0;13;0;0;1;0;5;Porsche, McLaren, Eagle, Chaparral, Shadow, March;27/01/1934;Titular;
263;George Fonder;FON;Estados Unidos;0;5;0;0;0;0;0;;22/06/1917;Titular;
264;Norberto Fontana;FON;Argentina;0;4;0;0;0;0;0;Sauber, Prost, Minardi;20/01/1975;Titular;
265;Asdrúbal Fontes Bayardo;FON;Uruguai;0;1;0;0;0;0;0;;08/12/1922;Titular;
266;Carl Forberg;FOR;Estados Unidos;0;3;0;0;0;0;0;;04/03/1911;Titular;
267;Gene Force;FOR;Estados Unidos;0;5;0;0;0;0;0;;15/06/1916;Titular;
268;Franco Forini;FOR;Suíça;0;3;0;0;0;0;0;Minardi;22/09/1958;Titular;
269;Philip Fotheringham-Parker;FOT;Reino Unido;0;1;0;0;0;0;0;;22/09/1908;Titular;
270;A. J. Foyt;FOY;Estados Unidos;0;3;0;0;0;0;0;Foyt, Coyote;16/01/1935;Titular;
271;Giorgio Francia;FRA;Itália;0;2;0;0;0;0;0;;28/11/1947;Titular;
272;Don Freeland;FRE;Estados Unidos;0;8;0;0;1;0;4;;25/03/1925;Titular;
273;Heinz-Harald Frentzen;HAR;Alemanha;0;160;2;3;18;6;174;Jordan, Williams, Sauber, Prost, Toyota;18/05/1967;Titular;
274;Paul Frère;FRE;Bélgica;0;11;0;0;1;0;11;Ferrari, BRM, Aston Martin;30/01/1917;Titular;
275;Patrick Friesacher;FRI;Áustria;0;11;0;0;0;0;3;Minardi;26/09/1980;Titular;
276;Joe Fry;FRY;Reino Unido;0;1;0;0;0;0;0;;26/05/1917;Titular;
277;Hiroshi Fushida;FUS;Japão;0;2;0;0;0;0;0;;10/03/1946;Titular;
278;Beppe Gabbiani;GAB;Itália;0;17;0;0;0;0;0;Minardi;02/01/1957;Titular;
279;Bertrand Gachot;GAC;Bélgica;0;84;0;0;0;1;5;Jordan, Formula 1, Lancia;23/12/1961;Titular;
280;Patrick Gaillard;GAI;França;0;5;0;0;0;0;0;;12/02/1952;Titular;
281;Divina Galica;GAL;Reino Unido;0;3;0;0;0;0;0;Onyx;13/08/1944;Titular;
282;Nanni Galli;GAL;Itália;0;20;0;0;0;0;0;Ferrari, BRM;02/10/1940;Titular;
283;Oscar Alfredo Gálvez;ALF;Argentina;0;1;0;0;0;0;2;;17/08/1917;Titular;
284;Fred Gamble;GAM;Estados Unidos;0;1;0;0;0;0;0;;17/03/1932;Titular;
285;Howden Ganley;GAN;Nova Zelândia;0;41;0;0;0;0;10;BRM, March, Williams;17/12/1941;Titular;
286;Giedo van der Garde;VDG;Países Baixos;0;19;0;0;0;0;0;Caterham;25/04/1985;Titular;
287;Frank Gardner;GAR;Austrália;0;9;0;0;0;0;0;;21/10/1931;Titular;
288;Billy Garrett;GAR;Estados Unidos;0;3;0;0;0;0;0;;24/04/1933;Titular;
289;Jo Gartner;GAR;Áustria;0;8;0;0;0;0;0;ATS, Osella;24/01/1954;Titular;
290;Pierre Gasly;GAS;França;0;154;0;1;5;3;436;Toro Rosso, Red Bull, AlphaTauri, Alpine;07/02/1996;Titular;
291;Tony Gaze;GAZ;Austrália;0;4;0;0;0;0;0;;30/10/1920;Titular;
292;Giacomo Russo;RUS;Itália;0;3;0;0;0;0;0;;10/09/1937;Titular;
293;Olivier Gendebien;GEN;Bélgica;0;15;0;0;2;0;18;Ferrari;12/01/1924;Titular;
294;Marc Gené;GEN;Espanha;0;36;0;0;0;0;5;Minardi, Ferrari, Toro Rosso;29/03/1974;Titular;
295;Elmer George;GEO;Estados Unidos;0;3;0;0;0;0;0;;10/06/1928;Titular;
296;Bob Gerard;GER;Reino Unido;0;8;0;0;0;0;0;;19/01/1914;Titular;
297;Gerino Gerini;GER;Itália;0;7;0;0;0;0;1.5;;10/08/1928;Titular;
298;Peter Gethin;GET;Reino Unido;0;31;0;1;1;0;11;BRM, McLaren, Ferrari, March, Surtees;21/02/1940;Titular;
299;Piercarlo Ghinzani;GHI;Itália;0;111;0;0;0;0;2;Toleman, Osella, Ligier;04/01/1952;Titular;
300;Bruno Giacomelli;GIA;Itália;0;82;1;0;1;0;14;Alfa Romeo, Toleman, Minardi;10/09/1952;Titular;
301;Dick Gibson;GIB;Reino Unido;0;2;0;0;0;0;0;;16/04/1918;Titular;
302;Carlo Franchi;FRA;Itália;0;1;0;0;0;0;0;;01/01/1938;Titular;
303;Richie Ginther;GIN;Estados Unidos;0;54;0;1;14;3;102;Ferrari, BRM, Honda, Cooper;05/08/1930;Titular;
304;Antonio Giovinazzi;GIO;Itália;0;62;0;0;0;0;21;Sauber, Alfa Romeo;14/12/1993;Titular;
305;Yves Giraud-Cabantous;GIR;França;0;13;0;0;0;0;5;Talbot-Lago;08/10/1903;Titular;
306;Ignazio Giunti;GIU;Itália;0;4;0;0;0;0;3;Ferrari;30/08/1941;Titular;
307;Timo Glock;GLO;Alemanha;0;95;0;0;3;1;51;Jordan, Toyota, Marussia;18/03/1982;Titular;
308;Helm Glöckler;GLO;Alemanha;0;1;0;0;0;0;0;;24/01/1909;Titular;
309;Paco Godia;GOD;Espanha;0;14;0;0;0;0;6;Maserati;21/03/1921;Titular;
310;Carel Godin de Beaufort;GOD;Países Baixos;0;31;0;0;0;0;4;Porsche;10/04/1934;Titular;
311;Christian Goethals;GOE;Bélgica;0;1;0;0;0;0;0;;04/02/1938;Titular;
312;Paul Goldsmith;GOL;Estados Unidos;0;3;0;0;1;0;6;;02/10/1925;Titular;
313;José Froilán González;FRO;Argentina;0;26;3;2;15;6;72.14;Ferrari, Maserati, Talbot-Lago;05/10/1922;Titular;
314;Óscar González;GON;Uruguai;0;1;0;0;0;0;0;;10/03/1923;Titular;
315;Aldo Gordini;GOR;França;0;1;0;0;0;0;0;Gordini;20/05/1921;Titular;
316;Horace Gould;GOU;Reino Unido;0;18;0;0;0;0;2;Maserati, Cooper;20/09/1918;Titular;
317;Jean-Marc Gounon;MAR;França;0;9;0;0;0;0;0;Minardi, Simtek;01/01/1963;Titular;
318;Emmanuel de Graffenried;GRA;Suíça;0;23;0;0;0;0;9;Maserati, Alfa Romeo;18/05/1914;Titular;
319;Lucas di Grassi;GRA;Brasil;0;19;0;0;0;0;0;Marussia;11/08/1984;Titular;
320;Cecil Green;GRE;Estados Unidos;0;2;0;0;0;0;3;;30/08/1919;Titular;
321;Keith Greene;GRE;Reino Unido;0;6;0;0;0;0;0;Gilby;05/09/1938;Titular;
322;Masten Gregory;GRE;Estados Unidos;0;43;0;0;3;0;21;Maserati, Cooper, Ferrari, BRM, Lotus;29/02/1932;Titular;
323;Cliff Griffith;GRI;Estados Unidos;0;7;0;0;0;0;0;;06/02/1926;Titular;
324;Georges Grignard;GRI;França;0;1;0;0;0;0;0;;25/07/1917;Titular;
325;Bobby Grim;GRI;Estados Unidos;0;2;0;0;0;0;0;;14/09/1924;Titular;
326;Romain Grosjean;GRO;França;0;181;0;0;10;1;391;Renault, Lotus, Haas;17/04/1986;Titular;
327;Olivier Grouillard;GRO;França;0;62;0;0;0;0;1;Ligier, Osella, AGS, Fondmetal, Tyrrell;02/09/1958;Titular;
328;Brian Gubby;GUB;Reino Unido;0;1;0;0;0;0;0;;27/04/1934;Titular;
329;André Guelfi;GUE;França;0;1;0;0;0;0;0;;06/05/1919;Titular;
330;Miguel Ángel Guerra;ÁNG;Argentina;0;4;0;0;0;0;0;Osella;31/08/1953;Titular;
331;Roberto Guerrero;GUE;Colômbia;0;29;0;0;0;0;0;Ensign;16/08/1958;Titular;
332;Maurício Gugelmin;GUG;Brasil;0;80;0;0;1;1;10;March, Leyton House;20/04/1963;Titular;
333;Dan Gurney;GUR;Estados Unidos;0;87;3;4;19;6;133;Ferrari, BRM, Porsche, Lotus, Eagle, McLaren, Brabham;13/04/1931;Titular;
334;Esteban Gutiérrez;GUT;México;0;59;0;0;0;1;6;Sauber, Haas;05/08/1991;Titular;
335;Hubert Hahne;HAH;Alemanha;0;3;0;0;0;0;0;BMW;28/03/1935;Titular;
336;Mike Hailwood;HAI;Reino Unido;0;50;0;0;2;1;29;Surtees, McLaren, Lotus;02/04/1940;Titular;
337;Mika Häkkinen;HAK;Finlândia;2;165;26;20;51;25;420;Lotus, McLaren;28/09/1968;Titular;
338;Bruce Halford;HAL;Reino Unido;0;9;0;0;0;0;0;Maserati, Lotus, Cooper;18/05/1931;Titular;
339;Jim Hall;HAL;Estados Unidos;0;12;0;0;0;0;3;Lotus;23/07/1935;Titular;
340;Duncan Hamilton;HAM;Reino Unido;0;5;0;0;0;0;0;HWM;30/04/1920;Titular;
341;Lewis Hamilton;HAM;Reino Unido;7;356;104;105;202;67;4862.5;McLaren, Mercedes, Ferrari;07/01/1985;Titular;
342;David Hampshire;HAM;Reino Unido;0;2;0;0;0;0;0;Maserati;29/12/1917;Titular;
343;Sam Hanks;HAN;Estados Unidos;0;8;0;1;4;0;20;Kurtis Kraft;13/07/1914;Titular;
344;Walt Hansgen;HAN;Estados Unidos;0;2;0;0;0;0;2;Lotus, Cooper;28/10/1919;Titular;
345;Mike Harris;HAR;África do Sul;0;1;0;0;0;0;0;;05/12/1920;Titular;
346;Cuth Harrison;HAR;Reino Unido;0;3;0;0;0;0;0;ERA;21/01/1906;Titular;
347;Brian Hart;HAR;Reino Unido;0;1;0;0;0;0;0;;07/09/1936;Titular;
348;Brendon Hartley;HAR;Nova Zelândia;0;25;0;0;0;0;4;Toro Rosso;10/11/1989;Titular;
349;Gene Hartley;HAR;Estados Unidos;0;10;0;0;0;0;0;Kurtis Kraft;28/01/1926;Titular;
350;Rio Haryanto;HAR;Indonésia;0;12;0;0;0;0;0;Manor;22/01/1993;Titular;
351;Masahiro Hasemi;HAS;Japão;0;1;0;0;0;0;0;Kojima;03/11/1949;Titular;
352;Naoki Hattori;HAT;Japão;0;2;0;0;0;0;0;Coloni;23/05/1966;Titular;
353;Paul Hawkins;HAW;Austrália;0;3;0;0;0;0;0;Lotus, Brabham;22/08/1941;Titular;
354;Mike Hawthorn;HAW;Reino Unido;1;47;4;3;18;6;112.64;Ferrari, Cooper, Vanwall;10/04/1929;Titular;
355;Boy Hayje;HAY;Países Baixos;0;7;0;0;0;0;0;March;02/04/1949;Titular;
356;Willi Heeks;HEE;Alemanha;0;2;0;0;0;0;0;;11/06/1924;Titular;
357;Nick Heidfeld;HEI;Alemanha;0;185;1;0;13;2;259;Prost, Sauber, Jordan, Williams, BMW Sauber, Renault, Lotus;10/05/1977;Titular;
358;Theo Helfrich;HEL;Alemanha;0;3;0;0;0;0;0;;01/10/1942;Titular;
359;Mack Hellings;HEL;Estados Unidos;0;2;0;0;0;0;0;;14/01/1931;Titular;
360;Brian Henton;HEN;Reino Unido;0;37;0;0;0;1;0;Lotus, March, Ensign, Tyrrell, Arrows, Toleman;16/09/1948;Titular;
361;Johnny Herbert;HER;Reino Unido;0;165;0;3;7;0;98;Benetton, Lotus, Tyrrell, Sauber, Stewart, Jaguar;25/06/1964;Titular;
362;Al Herman;HER;Estados Unidos;0;8;0;0;0;0;0;Kurtis Kraft;15/08/1958;Titular;
363;Hans Herrmann;HER;Alemanha;0;19;0;0;1;1;10;Mercedes, Maserati, Cooper, Porsche;17/06/1923;Titular;
364;François Hesnault;HES;França;0;21;0;0;0;0;0;Ligier, Brabham;23/02/1928;Titular;
365;Hans Heyer;HEY;Alemanha;0;1;0;0;0;0;0;ATS;16/07/1947;Titular;
366;Damon Hill;HIL;Reino Unido;1;122;20;22;42;19;360;Brabham, Williams, Arrows, Jordan;13/03/1942;Titular;
367;Graham Hill;HIL;Reino Unido;2;179;13;14;36;10;270;Lotus, BRM, Brabham, Matra, Shadow, Hill;07/03/1970;Titular;
368;Phil Hill;HIL;Estados Unidos;1;52;6;3;16;6;94;Ferrari, Maserati, Cooper, ATS;15/02/1929;Titular;
369;Peter Hirt;HIR;Suíça;0;5;0;0;0;0;0;;01/04/1927;Titular;
370;David Hobbs;HOB;Reino Unido;0;6;0;0;0;0;0;Honda, BRM, McLaren;23/01/1940;Titular;
371;Gary Hocking;HOC;Rodésia;0;1;0;0;0;0;0;Lotus;11/11/1942;Titular;
372;Ingo Hoffmann;HOF;Brasil;0;6;0;0;0;0;0;Copersucar-Fittipaldi;06/02/1939;Titular;
373;Bill Holland;HOL;Estados Unidos;0;3;0;0;1;0;6;;04/07/1939;Titular;
374;Jackie Holmes;HOL;Estados Unidos;0;4;0;0;0;0;0;;26/12/1945;Titular;
375;Bill Homeier;HOM;Estados Unidos;0;6;0;0;0;0;1;Kurtis Kraft;14/03/1967;Titular;
376;Kazuyoshi Hoshino;HOS;Japão;0;2;0;0;0;0;0;Heros Racing;22/01/1976;Titular;
377;Jerry Hoyt;HOY;Estados Unidos;0;4;1;0;0;0;0;;13/03/1942;Titular;
378;Nico Hülkenberg;HUL;Alemanha;0;230;1;0;0;2;571;Williams, Sauber, Force India, Renault, Racing Point, Aston Martin, Haas;03/02/1997;Titular;
379;Denny Hulme;HUL;Nova Zelândia;1;112;1;8;33;9;248;Brabham, McLaren;23/07/1936;Titular;
380;James Hunt;HUN;Reino Unido;1;93;14;10;23;8;179;Hesketh, McLaren, Wolf;28/12/1938;Titular;
381;Jim Hurtubise;HUR;Estados Unidos;0;1;0;0;0;0;0;Kurtis Kraft;02/08/1949;Titular;
382;Gus Hutchison;HUT;Estados Unidos;0;1;0;0;0;0;0;Brabham;23/07/1938;Titular;
383;Jacky Ickx;ICK;Bélgica;0;120;13;8;25;14;181;Ferrari, Brabham, McLaren, Lotus, Williams, Wolf;07/03/1997;Titular;
384;Yuji Ide;IDE;Japão;0;4;0;0;0;0;0;Super Aguri;28/12/1938;Titular;
385;Jesús Iglesias;IGL;Argentina;0;1;0;0;0;0;0;;03/02/1948;Titular;
386;Taki Inoue;INO;Japão;0;18;0;0;0;0;0;Simtek, Footwork;04/07/1949;Titular;
387;Innes Ireland;IRE;Reino Unido;0;53;0;1;4;1;47;Lotus, BRP, BRM;19/12/1944;Titular;
388;Eddie Irvine;IRV;Reino Unido;0;148;0;4;26;1;191;Jordan, Ferrari, Jaguar;22/01/1976;Titular;
389;Chris Irwin;IRW;Reino Unido;0;10;0;0;0;0;2;BRM;02/03/1942;Titular;
390;Jean-Pierre Jabouille;PIE;França;0;55;6;2;2;0;21;Tyrrell, Renault, Ligier;05/12/1952;Titular;
391;Jimmy Jackson;JAC;Estados Unidos;0;3;0;0;0;0;0;;06/01/1952;Titular;
392;Joe James;JAM;Estados Unidos;0;3;0;0;0;0;0;;05/05/1948;Titular;
393;John James;JAM;Reino Unido;0;1;0;0;0;0;0;;09/10/1929;Titular;
394;Jean-Pierre Jarier;PIE;França;0;143;3;0;3;3;31.5;March, Shadow, ATS, Ligier, Lotus, Tyrrell, Osella;01/04/1947;Titular;
395;Max Jean;JEA;França;0;1;0;0;0;0;0;;12/02/1956;Titular;
396;Stefan Johansson;JOH;Suécia;0;103;0;0;12;0;88;Shadow, Spirit, Ferrari, Toleman, McLaren, Ligier, Onyx, AGS;14/09/1952;Titular;
397;Eddie Johnson;JOH;Estados Unidos;0;9;0;0;0;0;1;Kurtis Kraft;17/07/1951;Titular;
398;Leslie Johnson;JOH;Reino Unido;0;1;0;0;0;0;0;Maserati, ERA;05/11/1954;Titular;
399;Bruce Johnstone;JOH;África do Sul;0;1;0;0;0;0;0;BRM;04/02/1955;Titular;
400;Alan Jones;JON;Austrália;1;117;6;12;24;13;199;Hesketh, Hill, Surtees, Shadow, Williams, Arrows, Haas;07/03/1957;Titular;
401;Tom Jones;JON;Estados Unidos;0;1;0;0;0;0;0;;18/06/1941;Titular;
402;Juan Jover;JOV;Espanha;0;1;0;0;0;0;0;Maserati;04/01/1946;Titular;
403;Oswald Karch;KAR;Alemanha;0;1;0;0;0;0;0;;03/01/1941;Titular;
404;Narain Karthikeyan;KAR;Índia;0;48;0;0;0;0;5;Jordan, HRT;14/01/1977;Titular;
405;Ukyo Katayama;KAT;Japão;0;97;0;0;0;0;5;Larrousse, Tyrrell, Minardi;29/05/1963;Titular;
406;Ken Kavanagh;KAV;Austrália;0;2;0;0;0;0;0;;07/04/1924;Titular;
407;Rupert Keegan;KEE;Reino Unido;0;37;0;0;0;0;0;Hesketh, Surtees, RAM, March, Williams;26/08/1951;Titular;
408;Eddie Keizan;KEI;África do Sul;0;3;0;0;0;0;0;Team Gunston;06/06/1949;Titular;
409;Al Keller;KEL;Estados Unidos;0;6;0;0;0;0;0;Kurtis Kraft;23/02/1928;Titular;
410;Joe Kelly;KEL;Irlanda;0;2;0;0;0;0;0;Alta;12/09/1927;Titular;
411;David Kennedy;KEN;Irlanda;0;7;0;0;0;0;0;Shadow;17/04/1946;Titular;
412;Loris Kessel;KES;Suíça;0;6;0;0;0;0;0;RAM;27/08/1948;Titular;
413;Bruce Kessler;KES;Estados Unidos;0;1;0;0;0;0;0;;28/08/1940;Titular;
414;Nicolas Kiesa;KIE;Dinamarca;0;5;0;0;0;0;0;Minardi;12/02/1979;Titular;
415;Leo Kinnunen;KIN;Finlândia;0;6;0;0;0;0;0;Surtees;05/08/1943;Titular;
416;Danny Kladis;KLA;Estados Unidos;0;5;0;0;0;0;0;;01/01/1942;Titular;
417;Hans Klenk;KLE;Alemanha;0;1;0;0;0;0;0;Veritas;17/01/1941;Titular;
418;Peter de Klerk;KLE;África do Sul;0;4;0;0;0;0;0;LDS;30/11/1941;Titular;
419;Christian Klien;KLI;Áustria;0;51;0;0;0;0;14;Jaguar, Red Bull, HRT;07/02/1983;Titular;
420;Karl Kling;KLI;Alemanha;0;11;0;0;2;1;17;Mercedes;01/08/1919;Titular;
421;Ernst Klodwig;KLO;Alemanha;0;2;0;0;0;0;0;BMW;20/03/1940;Titular;
422;Kamui Kobayashi;KOB;Japão;0;76;0;0;1;1;125;Toyota, Sauber, Caterham;13/09/1986;Titular;
423;Helmuth Koinigg;KOI;Áustria;0;3;0;0;0;0;0;Surtees;03/09/1948;Titular;
424;Heikki Kovalainen;KOV;Finlândia;0;112;1;1;4;2;105;Renault, McLaren, Team Lotus, Caterham, Lotus;19/10/1981;Titular;
425;Mikko Kozarowitzky;KOZ;Finlândia;0;2;0;0;0;0;0;ATS;24/02/1971;Titular;
426;Willi Krakau;KRA;Alemanha;0;1;0;0;0;0;0;;17/07/1944;Titular;
427;Rudolf Krause;KRA;Alemanha;0;2;0;0;0;0;0;BMW;23/08/1942;Titular;
428;Robert Kubica;KUB;Polônia;0;99;1;1;12;1;274;BMW Sauber, Renault, Williams, Alfa Romeo;07/12/1984;Titular;
429;Kurt Kuhnke;KUH;Alemanha;0;1;0;0;0;0;0;;01/01/1929;Titular;
430;Masami Kuwashima;KUW;Japão;0;1;0;0;0;0;0;Wolf-Williams;10/06/1951;Titular;
431;Daniil Kvyat;KVY;Rússia;0;112;0;0;3;1;202;Toro Rosso, Red Bull, AlphaTauri;26/03/1994;Titular;
432;Robert La Caze;LAC;Marrocos;0;1;0;0;0;0;0;;15/09/1934;Titular;
433;Jacques Laffite;LAF;França;0;180;7;6;32;7;228;Williams, Ligier;21/11/1943;Titular;
434;Franck Lagorce;LAG;França;0;2;0;0;0;0;0;Ligier;26/02/1969;Titular;
435;Jan Lammers;LAM;Países Baixos;0;41;0;0;0;0;0;Shadow, ATS, Ensign, Theodore, March;02/03/1956;Titular;
436;Pedro Lamy;LAM;Portugal;0;32;0;0;0;0;1;Lotus, Minardi;20/03/1975;Titular;
437;Chico Landi;LAN;Brasil;0;6;0;0;0;0;1.5;Ferrari, Maserati;15/01/1927;Titular;
438;Hermann Lang;LAN;Alemanha;0;2;0;0;0;0;2;Mercedes;06/01/1909;Titular;
439;Claudio Langes;LAN;Itália;0;14;0;0;0;0;0;EuroBrun;28/01/1948;Titular;
440;Nicola Larini;LAR;Itália;0;75;0;0;1;0;7;Coloni, Osella, Ligier, Ferrari, Sauber;19/03/1964;Titular;
441;Oscar Larrauri;LAR;Argentina;0;21;0;0;0;0;0;EuroBrun;10/08/1951;Titular;
442;Gérard Larrousse;LAR;França;0;2;0;0;0;0;0;Brabham, Surtees;14/03/1940;Titular;
443;Jud Larson;LAR;Estados Unidos;0;5;0;0;0;0;0;;09/09/1928;Titular;
444;Nicholas Latifi;LAT;Canadá;0;49;0;0;0;0;7;Williams;29/06/1995;Titular;
445;Niki Lauda;LAU;Áustria;3;177;24;25;54;24;420.5;March, BRM, Ferrari, Brabham, McLaren;22/02/1949;Titular;
446;Roger Laurent;LAU;Bélgica;0;2;0;0;0;0;0;Ferrari;03/09/1928;Titular;
447;Giovanni Lavaggi;LAV;Itália;0;10;0;0;0;0;0;Pacific, Minardi;14/08/1961;Titular;
448;Chris Lawrence;LAW;Reino Unido;0;2;0;0;0;0;0;Cooper;27/09/1988;Titular;
449;Liam Lawson;LAW;Nova Zelândia;0;11;0;0;0;0;2;AlphaTauri, Racing Bulls, Red Bull;11/02/2002;Titular;
450;Charles Leclerc;LEC;Mônaco;0;149;26;8;43;10;1430;Alfa Romeo, Ferrari;16/10/1997;Titular;
451;Michel Leclère;LEC;França;0;8;0;0;0;0;0;Tyrrell, Wolf-Williams;06/05/1961;Titular;
452;Neville Lederle;LED;África do Sul;0;2;0;0;0;0;1;LDS;01/01/1944;Titular;
453;Geoff Lees;LEE;Reino Unido;0;12;0;0;0;0;0;Tyrrell, Ensign, Shadow;16/12/1950;Titular;
454;Gijs van Lennep;LEN;Países Baixos;0;10;0;0;0;0;2;Surtees, Iso-Marlboro, Ensign;16/02/1946;Titular;
455;Arthur Legat;LEG;Bélgica;0;2;0;0;0;0;0;Veritas;18/02/1944;Titular;
456;JJ Lehto;LEH;Finlândia;0;70;0;0;1;0;10;Onyx, Dallara, Sauber, Benetton;31/12/1960;Titular;
457;Lamberto Leoni;LEO;Itália;0;5;0;0;0;0;0;Surtees, Ensign;01/01/1946;Titular;
458;Les Leston;LES;Reino Unido;0;3;0;0;0;0;0;Connaught;02/10/1936;Titular;
459;Pierre Levegh;LEV;França;0;6;0;0;0;0;0;Talbot;23/06/1905;Titular;
460;Bayliss Levrett;LEV;Estados Unidos;0;3;0;0;0;0;0;Kurtis Kraft;13/06/1914;Titular;
461;Jackie Lewis;LEW;Reino Unido;0;10;0;0;0;0;3;Cooper;10/07/1937;Titular;
462;Stuart Lewis-Evans;LEW;Reino Unido;0;14;2;0;2;0;16;Connaught, Vanwall;30/10/1934;Titular;
463;Guy Ligier;LIG;França;0;13;0;0;0;0;1;Cooper, Brabham;17/02/1930;Titular;
464;Andy Linden;LIN;Estados Unidos;0;8;0;0;0;0;5;Kurtis Kraft;23/06/1942;Titular;
465;Roberto Lippi;LIP;Itália;0;3;0;0;0;0;0;De Tomaso;15/01/1947;Titular;
466;Vitantonio Liuzzi;LIU;Itália;0;81;0;0;0;0;26;Red Bull, Toro Rosso, Force India, HRT;10/08/1981;Titular;
467;Dries van der Lof;LOF;Países Baixos;0;1;0;0;0;0;0;HWM;20/02/1944;Titular;
468;Lella Lombardi;LOM;Itália;0;17;0;0;0;0;0.5;March, RAM;26/03/1941;Titular;
469;Ricardo Londoño;LON;Colômbia;0;1;0;0;0;0;0;ATS;10/11/1936;Titular;
470;Ernst Loof;LOO;Alemanha;0;1;0;0;0;0;0;Veritas;17/09/1924;Titular;
471;André Lotterer;LOT;Alemanha;0;1;0;0;0;0;0;Caterham;19/11/1981;Titular;
472;Henri Louveau;LOU;França;0;2;0;0;0;0;0;Talbot;09/05/1925;Titular;
473;John Love;LOV;Rodésia;0;10;0;0;1;0;6;Cooper;04/04/1924;Titular;
474;Pete Lovely;LOV;Estados Unidos;0;11;0;0;0;0;0;Lotus;05/04/1926;Titular;
475;Roger Loyer;LOY;França;0;1;0;0;0;0;0;;19/11/1939;Titular;
476;Jean Lucas;LUC;França;0;1;0;0;0;0;0;Gordini;07/04/1912;Titular;
477;Jean Lucienbonnet;LUC;França;0;1;0;0;0;0;0;Cooper;02/09/1946;Titular;
478;Brett Lunger;LUN;Estados Unidos;0;43;0;0;0;0;0;Hesketh, Surtees, March, Ensign, McLaren;05/04/1946;Titular;
479;Mike MacDowel;MAC;Reino Unido;0;1;0;0;0;0;0;Cooper;27/04/1914;Titular;
480;Herbert MacKay-Fraser;MAC;Estados Unidos;0;1;0;0;0;0;0;Ferrari;18/02/1921;Titular;
481;Bill Mackey;MAC;Estados Unidos;0;1;0;0;0;0;0;Kurtis Kraft;15/12/1927;Titular;
482;Lance Macklin;MAC;Reino Unido;0;15;0;0;0;0;0;HWM, Maserati, Vanwall;11/01/1913;Titular;
483;Damien Magee;MAG;Reino Unido;0;2;0;0;0;0;0;Williams, RAM;10/03/1961;Titular;
484;Tony Maggs;MAG;África do Sul;0;27;0;0;3;0;26;Cooper, Scuderia Centro Sud, Lotus;13/11/1934;Titular;
485;Mike Magill;MAG;Estados Unidos;0;4;0;0;0;0;0;Kurtis Kraft;27/07/1924;Titular;
486;Umberto Maglioli;MAG;Itália;0;10;0;0;2;0;3.33;Ferrari, Maserati, Porsche;02/12/1928;Titular;
487;Jan Magnussen;MAG;Dinamarca;0;25;0;0;0;0;1;McLaren, Stewart;04/07/1973;Titular;
488;Kevin Magnussen;MAG;Dinamarca;0;187;1;0;1;3;202;McLaren, Haas, Renault;05/07/1993;Titular;
489;Guy Mairesse;MAI;França;0;3;0;0;0;0;0;Talbot;22/09/1912;Titular;
490;Willy Mairesse;MAI;Bélgica;0;13;0;0;1;0;7;Ferrari;02/07/1928;Titular;
491;Pastor Maldonado;MAL;Venezuela;0;96;1;1;1;0;76;Williams, Lotus;09/03/1985;Titular;
492;Nigel Mansell;MAN;Reino Unido;1;191;32;31;59;30;480;Lotus, Williams, Ferrari, McLaren;28/08/1953;Titular;
493;Sergio Mantovani;MAN;Itália;0;8;0;0;0;0;4;Maserati;21/12/1943;Titular;
494;Johnny Mantz;MAN;Estados Unidos;0;1;0;0;0;0;0;Kurtis Kraft;07/01/1915;Titular;
495;Robert Manzon;MAN;França;0;29;0;0;2;0;16;Simca-Gordini, Ferrari;12/09/1910;Titular;
496;Onofre Marimón;MAR;Argentina;0;12;0;0;2;1;8.14;Maserati;24/02/1923;Titular;
497;Helmut Marko;MAR;Áustria;0;10;0;0;0;0;0;BRM;27/04/1947;Titular;
498;Tarso Marques;MAR;Brasil;0;26;0;0;0;0;0;Minardi;02/03/1976;Titular;
499;Leslie Marr;MAR;Reino Unido;0;2;0;0;0;0;0;Connaught;25/06/1941;Titular;
500;Tony Marsh;MAR;Reino Unido;0;5;0;0;0;0;0;Maserati, Lotus;11/09/1935;Titular;
501;Eugène Martin;MAR;França;0;2;0;0;0;0;0;Talbot;01/01/1948;Titular;
502;Pierluigi Martini;MAR;Itália;0;124;0;0;0;0;18;Toleman, Minardi;06/02/1963;Titular;
503;Jochen Mass;MAS;Alemanha;0;114;0;1;8;2;71;Surtees, McLaren, ATS, Arrows, March;30/08/1949;Titular;
504;Felipe Massa;MAS;Brasil;0;272;16;11;41;15;1167;Sauber, Ferrari, Williams;25/04/1981;Titular;
505;Cristiano da Matta;MAT;Brasil;0;28;0;0;0;0;13;Toyota;19/09/1973;Titular;
506;Michael May;MAY;Suíça;0;3;0;0;0;0;0;Porsche;16/11/1944;Titular;
507;Timmy Mayer;MAY;Estados Unidos;0;1;0;0;0;0;0;Cooper;21/02/1949;Titular;
508;François Mazet;MAZ;França;0;1;0;0;0;0;0;March;02/03/1937;Titular;
509;Nikita Mazepin;MAZ;Rússia;0;22;0;0;0;0;0;Haas;02/03/1999;Titular;
510;Gastón Mazzacane;MAZ;Argentina;0;21;0;0;0;0;0;Minardi, Prost;07/09/1975;Titular;
511;Kenneth McAlpine;MCA;Reino Unido;0;7;0;0;0;0;0;Connaught;10/10/1942;Titular;
512;Perry McCarthy;MCC;Reino Unido;0;11;0;0;0;0;0;Andrea Moda;27/03/1967;Titular;
513;Ernie McCoy;MCC;Estados Unidos;0;3;0;0;0;0;0;Kurtis Kraft;15/12/1942;Titular;
514;Johnny McDowell;MCD;Estados Unidos;0;3;0;0;0;0;0;Kurtis Kraft;04/03/1934;Titular;
515;Jack McGrath;MCG;Estados Unidos;0;6;1;0;2;1;9;Kurtis Kraft;04/10/1917;Titular;
516;Brian McGuire;MCG;Austrália;0;2;0;0;0;0;0;Williams;12/09/1937;Titular;
517;Bruce McLaren;MCL;Nova Zelândia;0;104;0;4;27;3;188.5;Cooper, McLaren;30/08/1937;Titular;
518;Allan McNish;MCN;Reino Unido;0;17;0;0;0;0;0;Toyota;29/12/1969;Titular;
519;Graham McRae;MCR;Nova Zelândia;0;1;0;0;0;0;0;Williams;12/11/1941;Titular;
520;Jim McWithey;MCW;Estados Unidos;0;5;0;0;0;0;0;Kurtis Kraft;02/02/1937;Titular;
521;Carlos Menditeguy;MEN;Argentina;0;11;0;0;1;0;9;Gordini, Maserati, Scuderia Centro Sud;15/06/1934;Titular;
522;Roberto Merhi;MER;Espanha;0;14;0;0;0;0;0;Manor;22/12/1991;Titular;
523;Harry Merkel;MER;Alemanha;0;1;0;0;0;0;0;BMW;02/02/1931;Titular;
524;Arturo Merzario;MER;Itália;0;85;0;0;0;0;11;Ferrari, Williams, March, Iso-Marlboro, Shadow;03/11/1943;Titular;
525;Roberto Mieres;MIE;Argentina;0;17;0;0;0;1;13;Gordini, Maserati;02/12/1928;Titular;
526;François Migault;MIG;França;0;16;0;0;0;0;0;BRM, Hill, Williams;17/05/1943;Titular;
527;John Miles;MIL;Reino Unido;0;15;0;0;0;0;2;Lotus;17/02/1943;Titular;
528;Ken Miles;MIL;Reino Unido;0;1;0;0;0;0;0;Não chegou a correr em GP oficial;01/11/1918;Titular;
529;André Milhoux;MIL;Bélgica;0;1;0;0;0;0;0;Gordini;10/01/1955;Titular;
530;Chet Miller;MIL;Estados Unidos;0;4;0;0;0;0;0;Kurtis Kraft;12/05/1953;Titular;
531;Gerhard Mitter;MIT;Alemanha;0;7;0;0;0;0;3;Porsche, BMW;22/03/1935;Titular;
532;Stefano Modena;MOD;Itália;0;81;0;0;2;0;17;Brabham, EuroBrun, Tyrrell, Jordan;12/09/1963;Titular;
533;Thomas Monarch;MON;Estados Unidos;0;1;0;0;0;0;0;;28/05/1964;Titular;
534;Franck Montagny;MON;França;0;7;0;0;0;0;0;Super Aguri;05/03/1978;Titular;
535;Tiago Monteiro;MON;Portugal;0;37;0;0;1;0;7;Jordan, Midland, Spyker;24/09/1976;Titular;
536;Andrea Montermini;MON;Itália;0;29;0;0;0;0;0;Simtek, Pacific, Forti;22/02/1963;Titular;
537;Peter Monteverdi;MON;Suíça;0;1;0;0;0;0;0;Não chegou a correr em GP oficial;07/07/1960;Titular;
538;Robin Montgomerie-Charrington;MON;Reino Unido;0;1;0;0;0;0;0;Aston Butterworth;01/02/1930;Titular;
539;Juan Pablo Montoya;PAB;Colômbia;0;95;13;7;30;12;307;Williams, McLaren;20/09/1975;Titular;
540;Gianni Morbidelli;MOR;Itália;0;70;0;0;1;0;8.5;Dallara, Minardi, Ferrari, Footwork, Sauber;16/02/1967;Titular;
541;Roberto Moreno;MOR;Brasil;0;77;0;0;1;1;15;Lotus, AGS, Coloni, EuroBrun, Benetton, Jordan, Minardi, Forti;16/02/1960;Titular;
542;Dave Morgan;MOR;Reino Unido;0;1;0;0;0;0;0;Surtees;02/03/1931;Titular;
543;Silvio Moser;MOS;Suíça;0;20;0;0;0;0;3;Brabham, Bellasi;24/09/1934;Titular;
544;Bill Moss;MOS;Reino Unido;0;1;0;0;0;0;0;Cooper;07/07/1914;Titular;
545;Stirling Moss;MOS;Reino Unido;0;67;16;16;24;19;185.64;HWM, ERA, Maserati, Vanwall, Cooper, BRM, Lotus;17/09/1929;Titular;
546;Gino Munaron;MUN;Itália;0;4;0;0;0;0;0;Maserati, Cooper;18/11/1948;Titular;
547;David Murray;MUR;Reino Unido;0;5;0;0;0;0;0;Maserati, Cooper;22/04/1934;Titular;
548;Luigi Musso;MUS;Itália;0;25;0;1;7;1;44;Maserati, Ferrari;09/02/1924;Titular;
549;Kazuki Nakajima;NAK;Japão;0;36;0;0;0;0;9;Williams;11/01/1985;Titular;
550;Satoru Nakajima;NAK;Japão;0;80;0;0;0;1;16;Lotus, Tyrrell;23/02/1953;Titular;
551;Shinji Nakano;NAK;Japão;0;33;0;0;0;0;2;Prost, Minardi;01/11/1973;Titular;
552;Duke Nalon;NAL;Estados Unidos;0;5;1;0;0;0;0;Kurtis Kraft;28/08/1916;Titular;
553;Alessandro Nannini;NAN;Itália;0;78;0;1;9;2;65;Minardi, Benetton;07/07/1959;Titular;
554;Emanuele Naspetti;NAS;Itália;0;6;0;0;0;0;0;March, Jordan;19/06/1966;Titular;
555;Felipe Nasr;NAS;Brasil;0;40;0;0;0;0;29;Sauber;21/08/1992;Titular;
556;Massimo Natili;NAT;Itália;0;2;0;0;0;0;0;Ferrari;25/02/1964;Titular;
557;Brian Naylor;NAY;Reino Unido;0;8;0;0;0;0;0;JBW;06/10/1938;Titular;
558;Mike Nazaruk;NAZ;Estados Unidos;0;4;0;0;1;0;8;Kurtis Kraft;04/06/1917;Titular;
559;Tiff Needell;NEE;Reino Unido;0;2;0;0;0;0;0;Ensign;29/10/1951;Titular;
560;Jac Nellemann;NEL;Dinamarca;0;1;0;0;0;0;0;Brabham;22/04/1956;Titular;
561;Patrick Nève;NEV;Bélgica;0;14;0;0;0;0;0;Brabham, Williams;10/11/1949;Titular;
562;John Nicholson;NIC;Nova Zelândia;0;2;0;0;0;0;0;Lyncar;25/03/1954;Titular;
563;Cal Niday;NID;Estados Unidos;0;3;0;0;0;0;0;Maserati, Kurtis Kraft;15/09/1922;Titular;
564;Helmut Niedermayr;NIE;Alemanha;0;1;0;0;0;0;0;AFM;28/11/1942;Titular;
565;Brausch Niemann;NIE;África do Sul;0;2;0;0;0;0;0;Brabham;03/02/1940;Titular;
566;Gunnar Nilsson;NIL;Suécia;0;32;0;1;4;1;31;Lotus;20/11/1948;Titular;
567;Hideki Noda;NOD;Japão;0;3;0;0;0;0;0;Larrousse;03/08/1969;Titular;
568;Lando Norris;NOR;Reino Unido;0;128;9;4;26;12;1007;McLaren;13/11/1999;Titular;
569;Rodney Nuckey;NUC;Reino Unido;0;2;0;0;0;0;0;Cooper, Connaught;21/06/1932;Titular;
570;Robert O'Brien;OBR;Estados Unidos;0;1;0;0;0;0;0;Maserati;27/11/1930;Titular;
571;Esteban Ocon;OCO;França;0;156;0;1;4;1;445;Manor, Racing Point, Alpine, Haas, Renault;17/09/1996;Titular;
572;Pat O'Connor;OCO;Estados Unidos;0;6;1;0;0;0;0;Kurtis Kraft;14/11/1928;Titular;
573;Casimiro de Oliveira;OLI;Portugal;0;1;0;0;0;0;0;Maserati;22/06/1939;Titular;
574;Jackie Oliver;OLI;Reino Unido;0;52;0;0;2;1;13;Lotus, BRM, McLaren, Shadow;14/06/1942;Titular;
575;Danny Ongais;ONG;Estados Unidos;0;6;0;0;0;0;0;Penske, Interscope;21/02/1942;Titular;
576;Rikky von Opel;OPE;Liechtenstein;0;14;0;0;0;0;0;Ensign, Brabham;14/12/1947;Titular;
577;Karl Oppitzhauser;OPP;Áustria;0;1;0;0;0;0;0;March;28/11/1949;Titular;
578;Fritz d'Orey;ORE;Brasil;0;3;0;0;0;0;0;Maserati, Tec-Mec;18/11/1941;Titular;
579;Arthur Owen;OWE;Reino Unido;0;1;0;0;0;0;0;Cooper;18/01/1928;Titular;
580;Carlos Pace;PAC;Brasil;0;73;1;1;6;5;58;Williams, Surtees, Brabham;06/10/1944;Titular;
581;Nello Pagani;PAG;Itália;0;1;0;0;0;0;0;Maserati;12/05/1928;Titular;
582;Riccardo Paletti;PAL;Itália;0;8;0;0;0;0;0;Osella;15/05/1958;Titular;
583;Torsten Palm;PAL;Suécia;0;2;0;0;0;0;0;Hesketh;03/12/1948;Titular;
584;Jolyon Palmer;PAL;Reino Unido;0;37;0;0;0;0;9;Renault;20/01/1991;Titular;
585;Jonathan Palmer;PAL;Reino Unido;0;88;0;0;0;1;14;Williams, RAM, Zakspeed, Tyrrell;07/11/1956;Titular;
586;Olivier Panis;PAN;França;0;158;0;1;5;0;76;Ligier, Prost, BAR, Toyota;02/08/1966;Titular;
587;Giorgio Pantano;PAN;Itália;0;15;0;0;0;0;0;Jordan;04/09/1979;Titular;
588;Max Papis;PAP;Itália;0;7;0;0;0;0;0;Footwork;03/03/1971;Titular;
589;Mike Parkes;PAR;Reino Unido;0;7;1;0;2;0;14;Ferrari;03/12/1937;Titular;
590;Reg Parnell;PAR;Reino Unido;0;7;0;0;1;0;9;Maserati, Ferrari, BRM, Vanwall;16/11/1908;Titular;
591;Tim Parnell;PAR;Reino Unido;0;4;0;0;0;0;0;Lotus, Cooper;03/11/1937;Titular;
592;Johnnie Parsons;PAR;Estados Unidos;0;9;0;1;1;1;12;Kurtis Kraft;08/04/1918;Titular;
593;Riccardo Patrese;PAT;Itália;0;257;8;6;37;13;281;Shadow, Arrows, Brabham, Williams, Benetton;17/04/1954;Titular;
594;Al Pease;PEA;Canadá;0;3;0;0;0;0;0;Eagle;05/10/1928;Titular;
595;Roger Penske;PEN;Estados Unidos;0;2;0;0;0;0;0;Cooper;20/02/1937;Titular;
596;Cesare Perdisa;PER;Itália;0;8;0;0;2;0;5;Maserati, Ferrari;24/04/1929;Titular;
597;Sergio Pérez;PER;México;0;285;3;6;39;12;1638;Sauber, McLaren, Force India, Racing Point, Red Bull;26/01/1990;Titular;
598;Luis Pérez-Sala;PÉR;Espanha;0;32;0;0;0;0;1;Minardi;28/09/1959;Titular;
599;Larry Perkins;PER;Austrália;0;15;0;0;0;0;0;BRM, Surtees;18/04/1953;Titular;
600;Henri Pescarolo;PES;França;0;64;0;0;1;1;12;Matra, March, Williams, BRM, Surtees;25/09/1942;Titular;
601;Alessandro Pesenti-Rossi;PES;Itália;0;4;0;0;0;0;0;Tyrrell;05/12/1941;Titular;
602;Josef Peters;PET;Alemanha;0;1;0;0;0;0;0;Veritas;02/02/1917;Titular;
603;Ronnie Peterson;PET;Suécia;0;123;14;10;26;9;206;March, Tyrrell, Lotus;14/02/1944;Titular;
604;Vitaly Petrov;PET;Rússia;0;58;0;0;1;1;64;Renault, Caterham;08/09/1984;Titular;
605;Alfredo Pián;PIA;Argentina;0;1;0;0;0;0;0;Maserati;03/12/1917;Titular;
606;Oscar Piastri;PIA;Austrália;0;46;0;2;10;3;389;McLaren;06/04/2001;Titular;
607;Charles Pic;PIC;França;0;39;0;0;0;0;0;Marussia, Caterham;15/10/1985;Titular;
608;François Picard;PIC;França;0;1;0;0;0;0;0;Cooper;03/08/1964;Titular;
609;Ernie Pieterse;PIE;África do Sul;0;3;0;0;0;0;0;Lotus;10/06/1913;Titular;
610;Paul Pietsch;PIE;Alemanha;0;3;0;0;0;0;0;Maserati, Alfa Romeo;15/05/1909;Titular;
611;André Pilette;PIL;Bélgica;0;14;0;0;0;0;2;Gordini, Maserati, Ferrari, Lotus, Emeryson, Scirocco;10/11/1921;Titular;
612;Teddy Pilette;PIL;Bélgica;0;4;0;0;0;0;0;Brabham;27/09/1942;Titular;
613;Luigi Piotti;PIO;Itália;0;8;0;0;0;0;0;Maserati, Ferrari, OSCA, Cooper;06/02/1947;Titular;
614;David Piper;PIP;Reino Unido;0;3;0;0;0;0;0;Lotus;23/01/1932;Titular;
615;Nelson Piquet;PIQ;Brasil;3;207;24;23;60;23;481.5;Ensign, McLaren, Brabham, Williams, Lotus, Benetton;17/08/1952;Titular;
616;Nelson Piquet Jr.;PIQ;Brasil;0;28;0;0;1;0;19;Renault;25/07/1985;Titular;
617;Renato Pirocchi;PIR;Itália;0;1;0;0;0;0;0;Cooper;02/06/1948;Titular;
618;Didier Pironi;PIR;França;0;72;4;3;13;5;101;Tyrrell, Ligier, Ferrari;26/03/1952;Titular;
619;Emanuele Pirro;PIR;Itália;0;40;0;0;0;0;3;Benetton;12/01/1962;Titular;
620;Antônio Pizzonia;PIZ;Brasil;0;20;0;0;0;0;8;Jaguar, Williams;11/07/1981;Titular;
621;Eric van de Poele;POE;Bélgica;0;29;0;0;0;0;0;Modena, Brabham, Fondmetal;17/05/1964;Titular;
622;Jacques Pollet;POL;França;0;5;0;0;0;0;0;Gordini;25/09/1976;Titular;
623;Ben Pon;PON;Países Baixos;0;1;0;0;0;0;0;Porsche;05/03/1935;Titular;
624;Dennis Poore;POO;Reino Unido;0;2;0;0;0;0;3;Connaught;04/04/1919;Titular;
625;Alfonso de Portago;POR;Espanha;0;5;0;0;1;0;4;Ferrari;13/04/1928;Titular;
626;Sam Posey;POS;Estados Unidos;0;2;0;0;0;0;0;Surtees;04/06/1946;Titular;
627;Charles Pozzi;POZ;França;0;1;0;0;0;0;0;Ferrari;10/02/1933;Titular;
628;Jackie Pretorius;PRE;África do Sul;0;4;0;0;0;0;0;Brabham;28/05/1928;Titular;
629;Ernesto Prinoth;PRI;Itália;0;1;0;0;0;0;0;Lotus;17/06/1943;Titular;
630;David Prophet;PRO;Reino Unido;0;2;0;0;0;0;0;Brabham;09/04/1932;Titular;
631;Alain Prost;PRO;França;4;202;33;51;106;41;768.5;McLaren, Renault, Ferrari, Williams;24/02/1955;Titular;
632;Tom Pryce;PRY;Reino Unido;0;42;1;0;2;0;19;Token, Shadow;11/06/1949;Titular;
633;David Purley;PUR;Reino Unido;0;11;0;0;0;0;0;March, LEC;26/03/1945;Titular;
634;Clive Puzey;PUZ;Rodésia;0;1;0;0;0;0;0;Lotus;26/03/1939;Titular;
635;Dieter Quester;QUE;Áustria;0;2;0;0;0;0;0;March;24/04/1949;Titular;
636;Ian Raby;RAB;Reino Unido;0;7;0;0;0;0;0;Gilby, Lotus, Brabham, Cooper;11/08/1948;Titular;
637;Bobby Rahal;RAH;Estados Unidos;0;2;0;0;0;0;0;Wolf;01/01/1953;Titular;
638;Kimi Räikkönen;RAI;Finlândia;1;353;18;21;103;46;1873;Sauber, McLaren, Ferrari, Lotus, Alfa Romeo;17/10/1979;Titular;
639;Hermano da Silva Ramos;SIL;Brasil;0;7;0;0;0;0;2;Gordini;17/12/1941;Titular;
640;Pierre-Henri Raphanel;HEN;França;0;17;0;0;0;0;0;Coloni;23/11/1956;Titular;
641;Dick Rathmann;RAT;Estados Unidos;0;6;1;0;0;0;2;Watson;22/11/1928;Titular;
642;Jim Rathmann;RAT;Estados Unidos;0;10;0;1;4;2;29;Watson;16/07/1928;Titular;
643;Roland Ratzenberger;RAT;Áustria;0;3;0;0;0;0;0;Simtek;04/10/1960;Titular;
644;Héctor Rebaque;REB;México;0;58;0;0;0;0;13;Hesketh, Lotus, Brabham;04/02/1956;Titular;
645;Brian Redman;RED;Reino Unido;0;15;0;0;1;0;8;Williams, McLaren, Shadow, Surtees;09/03/1937;Titular;
646;Jimmy Reece;REE;Estados Unidos;0;6;0;0;0;0;0;Kurtis Kraft;25/12/1929;Titular;
647;Ray Reed;REE;Rodésia;0;1;0;0;0;0;0;;01/07/1950;Titular;
648;Alan Rees;REE;Reino Unido;0;1;0;0;0;0;0;Lotus, Cooper, Brabham;28/01/1950;Titular;
649;Clay Regazzoni;REG;Suíça;0;139;5;5;28;15;209;Ferrari, BRM, Ensign, Shadow, Williams;05/09/1939;Titular;
650;Paul di Resta;RES;Reino Unido;0;59;0;0;0;0;121;Force India, Williams;16/04/1986;Titular;
651;Carlos Reutemann;REU;Argentina;0;146;6;12;45;6;298;Brabham, Ferrari, Lotus, Williams;12/04/1942;Titular;
652;Lance Reventlow;REV;Estados Unidos;0;4;0;0;0;0;0;Scarab;03/05/1936;Titular;
653;Peter Revson;REV;Estados Unidos;0;32;1;2;8;0;61;Tyrrell, McLaren, Shadow;27/02/1939;Titular;
654;John Rhodes;RHO;Reino Unido;0;1;0;0;0;0;0;Cooper;11/09/1937;Titular;
655;Alex Ribeiro;RIB;Brasil;0;20;0;0;0;0;0;Hesketh, March;23/08/1965;Titular;
656;Daniel Ricciardo;RIC;Austrália;0;258;3;8;32;16;1329;HRT, Toro Rosso, Red Bull, Renault, McLaren, AlphaTauri, Racing Bulls;01/07/1989;Titular;
657;Ken Richardson;RIC;Reino Unido;0;1;0;0;0;0;0;BRM;09/01/1943;Titular;
658;Fritz Riess;RIE;Alemanha;0;1;0;0;0;0;0;Veritas;13/05/1914;Titular;
659;Jim Rigsby;RIG;Estados Unidos;0;2;0;0;0;0;0;;02/01/1933;Titular;
660;Jochen Rindt;RIN;Áustria;1;62;10;6;13;3;107;Cooper, Brabham, Lotus;18/04/1942;Titular;
661;John Riseley-Prichard;RIS;Reino Unido;0;1;0;0;0;0;0;Connaught;01/05/1917;Titular;
662;Giovanni de Riu;RIU;Itália;0;1;0;0;0;0;0;Maserati;10/10/1928;Titular;
663;Richard Robarts;ROB;Reino Unido;0;4;0;0;0;0;0;Brabham;13/09/1955;Titular;
664;Pedro Rodríguez;ROD;México;0;54;0;2;7;1;71;Lotus, Ferrari, BRM;18/01/1940;Titular;
665;Ricardo Rodríguez;ROD;México;0;6;0;0;0;0;4;Ferrari;14/02/1942;Titular;
666;Alberto Rodriguez Larreta;ROD;Argentina;0;1;0;0;0;0;0;Porsche;12/05/1940;Titular;
667;Franco Rol;ROL;Itália;0;5;0;0;0;0;0;Maserati, Ferrari;12/06/1926;Titular;
668;Alan Rollinson;ROL;Reino Unido;0;1;0;0;0;0;0;BRM;01/03/1954;Titular;
669;Tony Rolt;ROL;Reino Unido;0;3;0;0;0;0;0;Connaught;23/09/1921;Titular;
670;Bertil Roos;ROO;Suécia;0;1;0;0;0;0;0;Shadow;16/06/1948;Titular;
671;Pedro de la Rosa;DLR;Espanha;0;107;0;0;1;1;35;Arrows, Jaguar, McLaren, Sauber, HRT;24/02/1971;Titular;
672;Keke Rosberg;ROS;Finlândia;1;128;5;5;17;3;159.5;Theodore, ATS, Wolf, Fittipaldi, Williams, McLaren;06/12/1948;Titular;
673;Nico Rosberg;ROS;Alemanha;1;206;30;23;57;20;1594.5;Williams, Mercedes;27/12/1985;Titular;
674;Mauri Rose;ROS;Estados Unidos;0;2;0;0;1;0;4;Maserati;01/02/1906;Titular;
675;Louis Rosier;ROS;França;0;38;0;0;2;0;18;Maserati, Ferrari, Talbot-Lago;04/10/1905;Titular;
676;Ricardo Rosset;ROS;Brasil;0;33;0;0;0;0;0;Footwork, Lola, Tyrrell;13/01/1971;Titular;
677;Alexander Rossi;RSI;Estados Unidos;0;7;0;0;0;0;0;Marussia, Manor;25/09/1991;Titular;
678;Huub Rothengatter;ROT;Países Baixos;0;30;0;0;0;0;0;ATS, Spirit, Zakspeed;03/12/1956;Titular;
679;Basil van Rooyen;ROO;África do Sul;0;2;0;0;0;0;0;Cooper;04/01/1931;Titular;
680;Lloyd Ruby;RUB;Estados Unidos;0;2;0;0;0;0;0;Watson;02/10/1928;Titular;
681;Jean-Claude Rudaz;CLA;Suíça;0;1;0;0;0;0;0;;14/01/1947;Titular;
682;George Russell;RUS;Reino Unido;0;128;5;3;15;8;714;Williams, Mercedes;15/02/1998;Titular;
683;Eddie Russo;RUS;Estados Unidos;0;7;0;0;0;0;0;Kurtis Kraft;11/06/1925;Titular;
684;Paul Russo;RUS;Estados Unidos;0;10;0;0;1;1;8.5;Maserati, Kurtis Kraft;12/04/1925;Titular;
685;Troy Ruttman;RUT;Estados Unidos;0;9;0;1;1;0;9.5;Watson, Maserati;11/08/1926;Titular;
686;Peter Ryan;RYA;Canadá;0;1;0;0;0;0;0;Lotus;07/04/1922;Titular;
687;Eddie Sachs;SAC;Estados Unidos;0;7;1;0;0;0;0;Kurtis Kraft;28/03/1927;Titular;
688;Bob Said;SAI;Estados Unidos;0;1;0;0;0;0;0;Connaught;17/01/1932;Titular;
689;Carlos Sainz Jr.;SAI;Espanha;0;209;6;4;27;4;1272.5;Toro Rosso, McLaren, Ferrari, Renault, Williams;01/09/1994;Titular;
690;Eliseo Salazar;SAL;Chile;0;37;0;0;0;0;3;March, Ensign, ATS, RAM;14/11/1954;Titular;
691;Mika Salo;SAL;Finlândia;0;111;0;0;2;0;33;Lotus, Tyrrell, Arrows, BAR, Ferrari, Sauber, Toyota;30/11/1966;Titular;
692;Roy Salvadori;SAL;Reino Unido;0;50;0;0;2;0;19;Maserati, Ferrari, Cooper, Vanwall, BRM, Aston Martin, Lotus;12/05/1922;Titular;
693;Consalvo Sanesi;SAN;Itália;0;5;0;0;0;0;3;Alfa Romeo;29/03/1922;Titular;
694;Logan Sargeant;SAR;Estados Unidos;0;37;0;0;0;0;1;Williams;31/12/2000;Titular;
695;Stéphane Sarrazin;SAR;França;0;1;0;0;0;0;0;Minardi;02/11/1975;Titular;
696;Takuma Sato;SAT;Japão;0;92;0;0;1;0;44;Jordan, BAR, Super Aguri;28/01/1977;Titular;
697;Carl Scarborough;SCA;Estados Unidos;0;2;0;0;0;0;0;Kurtis Kraft;16/11/1934;Titular;
698;Ludovico Scarfiotti;SCA;Itália;0;12;0;1;1;1;17;Ferrari, Cooper;03/10/1933;Titular;
699;Giorgio Scarlatti;SCA;Itália;0;15;0;0;0;0;1;Maserati, Ferrari;29/06/1911;Titular;
700;Ian Scheckter;SCH;África do Sul;0;20;0;0;0;0;0;Williams, Hesketh, March;12/02/1949;Titular;
701;Jody Scheckter;SCH;África do Sul;1;113;3;10;33;5;246;McLaren, Tyrrell, Wolf, Ferrari;29/01/1950;Titular;
702;Harry Schell;SCH;Estados Unidos;0;57;0;0;2;0;32;Maserati, Ferrari, Gordini, Vanwall, BRM, Cooper;01/10/1928;Titular;
703;Tim Schenken;SCH;Austrália;0;36;0;0;1;0;7;Williams, Brabham, Surtees, Trojan;17/07/1945;Titular;
704;Albert Scherrer;SCH;Suíça;0;1;0;0;0;0;0;;19/12/1935;Titular;
705;Domenico Schiattarella;SCH;Itália;0;7;0;0;0;0;0;Simtek;01/06/1966;Titular;
706;Heinz Schiller;SCH;Suíça;0;1;0;0;0;0;0;Porsche;27/04/1923;Titular;
707;Bill Schindler;SCH;Estados Unidos;0;3;0;0;0;0;0;Kurtis Kraft;17/10/1917;Titular;
708;Jean-Louis Schlesser;LOU;França;0;2;0;0;0;0;0;Williams;20/03/1948;Titular;
709;Jo Schlesser;SCH;França;0;3;0;0;0;0;0;Matra;07/07/1928;Titular;
710;Bernd Schneider;SCH;Alemanha;0;34;0;0;0;0;0;Zakspeed, Arrows;20/03/1964;Titular;
711;Rudolf Schoeller;SCH;Suíça;0;1;0;0;0;0;0;;05/01/1930;Titular;
712;Rob Schroeder;SCH;Estados Unidos;0;1;0;0;0;0;0;Lotus;06/05/1945;Titular;
713;Michael Schumacher;MSC;Alemanha;7;308;68;91;155;77;1566;Jordan, Benetton, Ferrari, Mercedes;03/01/1969;Titular;
714;Mick Schumacher;MSC;Alemanha;0;32;0;0;0;0;4;Haas;22/03/1999;Titular;
715;Ralf Schumacher;RSC;Alemanha;0;181;6;6;27;8;329;Jordan, Williams, Toyota;30/06/1975;Titular;
716;Vern Schuppan;SCH;Austrália;0;13;0;0;0;0;0;BRM, Ensign, Surtees;30/12/1943;Titular;
717;Adolfo Schwelm Cruz;SCH;Argentina;0;1;0;0;0;0;0;Maserati;17/11/1932;Titular;
718;Bob Scott;SCO;Estados Unidos;0;3;0;0;0;0;0;Kurtis Kraft;25/11/1914;Titular;
719;Archie Scott Brown;SCO;Reino Unido;0;1;0;0;0;0;0;Connaught;17/09/1932;Titular;
720;Piero Scotti;SCO;Itália;0;1;0;0;0;0;0;Connaught;14/02/1933;Titular;
721;Wolfgang Seidel;SEI;Alemanha;0;12;0;0;0;0;0;Maserati, Ferrari, Lotus, Cooper, Emeryson;17/05/1943;Titular;
722;Günther Seiffert;SEI;Alemanha;0;1;0;0;0;0;0;Lotus;04/04/1932;Titular;
723;Ayrton Senna;SEN;Brasil;3;162;65;41;80;19;610;Toleman, Lotus, McLaren, Williams;21/03/1960;Titular;
724;Bruno Senna;SEN;Brasil;0;46;0;0;0;1;33;HRT, Renault, Williams;15/10/1983;Titular;
725;Dorino Serafini;SER;Itália;0;1;0;0;1;0;3;Ferrari;06/04/1918;Titular;
726;Chico Serra;SER;Brasil;0;33;0;0;0;0;1;Fittipaldi;24/07/1959;Titular;
727;Doug Serrurier;SER;África do Sul;0;3;0;0;0;0;0;LDS;05/06/1943;Titular;
728;Johnny Servoz-Gavin;SER;França;0;13;0;0;1;0;9;Matra, Tyrrell;23/04/1930;Titular;
729;Tony Settember;SET;Estados Unidos;0;7;0;0;0;0;0;Emeryson, Scirocco;02/05/1929;Titular;
730;Hap Sharp;SHA;Estados Unidos;0;6;0;0;0;0;0;Lotus;29/10/1931;Titular;
731;Brian Shawe-Taylor;SHA;Reino Unido;0;3;0;0;0;0;0;ERA;06/01/1920;Titular;
732;Carroll Shelby;SHE;Estados Unidos;0;8;0;0;0;0;0;Maserati;11/01/1923;Titular;
733;Tony Shelly;SHE;Nova Zelândia;0;3;0;0;0;0;0;Lotus;18/01/1930;Titular;
734;Jo Siffert;SIF;Suíça;0;100;2;2;6;4;68;Lotus, Brabham, Rob Walker Racing Team, March, BRM;07/07/1936;Titular;
735;André Simon;SIM;França;0;12;0;0;0;0;0;Gordini, Maserati, Ferrari, Cooper;19/07/1943;Titular;
736;Sergey Sirotkin;SIR;Rússia;0;21;0;0;0;0;1;Williams;27/08/1996;Titular;
737;Rob Slotemaker;SLO;Países Baixos;0;1;0;0;0;0;0;;11/12/1940;Titular;
738;Moisés Solana;SOL;México;0;8;0;0;0;0;0;Lotus, Cooper, BRM, McLaren;19/06/1940;Titular;
739;Alex Soler-Roig;SOL;Espanha;0;10;0;0;0;0;0;Lotus, March, BRM;04/12/1943;Titular;
740;Raymond Sommer;SOM;França;0;5;0;0;0;0;3;Ferrari, Maserati, Talbot-Lago;05/01/1906;Titular;
741;Vincenzo Sospiri;SOS;Itália;0;1;0;0;0;0;0;Lola;07/10/1968;Titular;
742;Stephen South;SOU;Reino Unido;0;1;0;0;0;0;0;McLaren;01/03/1953;Titular;
743;Mike Sparken;SPA;França;0;1;0;0;0;0;0;Gordini;04/01/1933;Titular;
744;Scott Speed;SPE;Estados Unidos;0;28;0;0;0;0;0;Toro Rosso;24/01/1983;Titular;
745;Mike Spence;SPE;Reino Unido;0;37;0;0;1;0;27;Lotus, BRM;04/11/1936;Titular;
746;Alan Stacey;STA;Reino Unido;0;7;0;0;0;0;0;Lotus;10/07/1933;Titular;
747;Gaetano Starrabba;STA;Itália;0;1;0;0;0;0;0;Lotus;02/09/1926;Titular;
748;Will Stevens;STE;Reino Unido;0;20;0;0;0;0;0;Caterham, Manor;28/06/1991;Titular;
749;Chuck Stevenson;STE;Estados Unidos;0;5;0;0;0;0;0;Kurtis Kraft;01/04/1918;Titular;
750;Ian Stewart;STE;Reino Unido;0;1;0;0;0;0;0;Ecurie Ecosse;01/07/1932;Titular;
751;Jackie Stewart;STE;Reino Unido;3;100;17;27;43;15;359;BRM, Matra, Tyrrell;11/06/1939;Titular;
752;Jimmy Stewart;STE;Reino Unido;0;1;0;0;0;0;0;Ecurie Ecosse;11/05/1944;Titular;
753;Siegfried Stohr;STO;Itália;0;13;0;0;0;0;0;Arrows;02/11/1947;Titular;
754;Rolf Stommelen;STO;Alemanha;0;63;0;0;1;0;14;Brabham, Surtees, Eifelland, Hill, Arrows;19/03/1943;Titular;
755;Philippe Streiff;STR;França;0;54;0;0;1;0;11;Renault, Ligier, Tyrrell, AGS;26/10/1955;Titular;
756;Lance Stroll;STR;Canadá;0;169;1;0;3;0;292;Williams, Racing Point, Aston Martin;29/10/1998;Titular;
757;Hans Stuck;STU;Alemanha;0;5;0;0;0;0;0;Auto Union;27/03/1951;Titular;
758;Hans-Joachim Stuck;JOA;Alemanha;0;81;0;0;2;0;29;March, Brabham, Shadow;27/03/1951;Titular;
759;Otto Stuppacher;STU;Áustria;0;3;0;0;0;0;0;Tyrrell;06/02/1946;Titular;
760;Danny Sullivan;SUL;Estados Unidos;0;15;0;0;0;0;2;Tyrrell;09/03/1950;Titular;
761;Marc Surer;SUR;Suíça;0;88;0;0;0;1;17;Ensign, ATS, Theodore, Arrows, Brabham;18/11/1958;Titular;
762;John Surtees;SUR;Reino Unido;1;113;8;6;24;11;180;Lotus, Ferrari, Cooper, Honda, BRM;11/02/1934;Titular;
763;Andy Sutcliffe;SUT;Reino Unido;0;1;0;0;0;0;0;;28/10/1947;Titular;
764;Adrian Sutil;SUT;Alemanha;0;128;0;0;0;1;124;Spyker, Force India, Sauber;11/01/1983;Titular;
765;Len Sutton;SUT;Estados Unidos;0;4;0;0;0;0;0;Kuzma;22/04/1936;Titular;
766;Aguri Suzuki;SUZ;Japão;0;88;0;0;1;0;8;Larrousse, Zakspeed, Footwork, Ligier;08/09/1960;Titular;
767;Toshio Suzuki;SUZ;Japão;0;2;0;0;0;0;0;Larrousse;28/01/1953;Titular;
768;Jacques Swaters;SWA;Bélgica;0;8;0;0;0;0;0;Ferrari;19/03/1926;Titular;
769;Bob Sweikert;SWE;Estados Unidos;0;7;0;1;1;0;8;Kurtis Kraft;14/11/1926;Titular;
770;Toranosuke Takagi;TAK;Japão;0;32;0;0;0;0;0;Tyrrell, Arrows;17/04/1977;Titular;
771;Noritake Takahara;TAK;Japão;0;2;0;0;0;0;0;Surtees;04/12/1946;Titular;
772;Kunimitsu Takahashi;TAK;Japão;0;1;0;0;0;0;0;Surtees;28/08/1949;Titular;
773;Patrick Tambay;TAM;França;0;123;5;2;11;2;103;Surtees, Theodore, McLaren, Ligier, Ferrari, Renault, Lola;25/06/1949;Titular;
774;Luigi Taramazzo;TAR;Itália;0;1;0;0;0;0;0;Maserati;21/11/1923;Titular;
775;Gabriele Tarquini;TAR;Itália;0;79;0;0;0;0;1;Osella, Coloni, AGS, Fondmetal, Tyrrell;02/03/1962;Titular;
776;Piero Taruffi;TAR;Itália;0;19;0;1;5;1;41;Alfa Romeo, Ferrari, Maserati, Mercedes;19/10/1906;Titular;
777;Dennis Taylor;TAY;Reino Unido;0;1;0;0;0;0;0;Connaught;23/12/1918;Titular;
778;Henry Taylor;TAY;Reino Unido;0;11;0;0;0;0;3;Cooper, Lotus;06/05/1915;Titular;
779;John Taylor;TAY;Reino Unido;0;5;0;0;0;0;1;Cooper, Brabham;09/06/1946;Titular;
780;Mike Taylor;TAY;Reino Unido;0;2;0;0;0;0;0;Lotus;20/10/1932;Titular;
781;Trevor Taylor;TAY;Reino Unido;0;29;0;0;1;0;8;Lotus;03/06/1936;Titular;
782;Marshall Teague;TEA;Estados Unidos;0;5;0;0;0;0;0;Kurtis Kraft;12/07/1913;Titular;
783;Shorty Templeman;TEM;Estados Unidos;0;5;0;0;0;0;0;Kurtis Kraft;23/11/1910;Titular;
784;Max de Terra;TER;Suíça;0;2;0;0;0;0;0;Maserati;13/04/1906;Titular;
785;André Testut;TES;Mônaco;0;2;0;0;0;0;0;Maserati;05/05/1914;Titular;
786;Mike Thackwell;THA;Nova Zelândia;0;5;0;0;0;0;0;Tyrrell, Arrows, RAM;02/07/1961;Titular;
787;Alfonso Thiele;THI;Estados Unidos;0;1;0;0;0;0;0;;27/11/1929;Titular;
788;Eric Thompson;THO;Reino Unido;0;1;0;0;0;0;2;Connaught;19/03/1929;Titular;
789;Johnny Thomson;THO;Estados Unidos;0;8;1;0;1;1;10;Kurtis Kraft;07/12/1922;Titular;
790;Leslie Thorne;THO;Reino Unido;0;1;0;0;0;0;0;Connaught;18/04/1912;Titular;
791;Bud Tingelstad;TIN;Estados Unidos;0;1;0;0;0;0;0;Kuzma;23/02/1920;Titular;
792;Sam Tingle;TIN;Rodésia;0;5;0;0;0;0;0;LDS, Brabham;16/05/1902;Titular;
793;Desmond Titterington;TIT;Reino Unido;0;1;0;0;0;0;0;Vanwall;04/09/1925;Titular;
794;Johnnie Tolan;TOL;Estados Unidos;0;7;0;0;0;0;0;Maserati;02/02/1923;Titular;
795;Alejandro de Tomaso;TOM;Argentina;0;2;0;0;0;0;0;Maserati;02/07/1928;Titular;
796;Charles de Tornaco;TOR;Bélgica;0;4;0;0;0;0;0;Ferrari;01/05/1911;Titular;
797;Tony Trimmer;TRI;Reino Unido;0;6;0;0;0;0;0;Maki;06/02/1941;Titular;
798;Maurice Trintignant;TRI;França;0;84;0;2;10;1;72.33;Gordini, Ferrari, Vanwall, Cooper, BRM;30/10/1917;Titular;
799;Wolfgang von Trips;TRI;Alemanha;0;29;1;2;6;0;56;Ferrari;04/05/1928;Titular;
800;Jarno Trulli;TRU;Itália;0;256;4;1;11;1;246.5;Minardi, Prost, Jordan, Renault, Toyota, Team Lotus;13/07/1974;Titular;
801;Yuki Tsunoda;TSU;Japão;0;90;0;0;0;1;91;AlphaTauri, Red Bull, Racing Bulls;11/05/2000;Titular;
802;Esteban Tuero;TUE;Argentina;0;16;0;0;0;0;0;Minardi;10/05/1977;Titular;
803;Guy Tunmer;TUN;África do Sul;0;1;0;0;0;0;0;;18/06/1946;Titular;
804;Jack Turner;TUR;Estados Unidos;0;5;0;0;0;0;0;;05/11/1941;Titular;
805;Toni Ulmen;ULM;Alemanha;0;2;0;0;0;0;0;;14/12/1921;Titular;
806;Bobby Unser;UNS;Estados Unidos;0;2;0;0;0;0;0;;20/02/1934;Titular;
807;Jerry Unser Jr.;UNS;Estados Unidos;0;1;0;0;0;0;0;;12/04/1942;Titular;
808;Alberto Uria;URI;Uruguai;0;2;0;0;0;0;0;;14/11/1913;Titular;
809;Nino Vaccarella;VAC;Itália;0;5;0;0;0;0;0;Ferrari;04/03/1933;Titular;
810;Stoffel Vandoorne;VAN;Bélgica;0;42;0;0;0;0;26;McLaren, Mercedes;26/03/1992;Titular;
811;Bob Veith;VEI;Estados Unidos;0;5;0;0;0;0;0;;22/08/1935;Titular;
812;Jean-Éric Vergne;VER;França;0;58;0;0;0;0;51;Toro Rosso;25/04/1990;Titular;
813;Jos Verstappen;VER;Países Baixos;0;107;0;0;2;0;17;Benetton, Simtek, Arrows, Tyrrell, Stewart, Minardi, Honda;04/03/1972;Titular;
814;Max Verstappen;VER;Países Baixos;3;209;40;63;112;33;3023.5;Red Bull, Toro Rosso;30/09/1997;Titular;
815;Sebastian Vettel;VET;Alemanha;4;300;57;53;122;38;3098;Toro Rosso, Red Bull, Ferrari, Aston Martin, BMW Sauber;03/07/1987;Titular;
816;Gilles Villeneuve;VIL;Canadá;0;68;2;6;13;8;101;Ferrari;18/01/1950;Titular;
817;Jacques Villeneuve;VIL;Canadá;1;165;13;11;23;9;235;Williams, BAR, Renault, Sauber, Peugeot;09/04/1971;Titular;
818;Jacques Villeneuve Sr.;VIL;Canadá;0;3;0;0;0;0;0;;03/04/1934;Titular;
819;Luigi Villoresi;VIL;Itália;0;34;0;0;8;1;46;Ferrari, Maserati, Alfa Romeo;16/11/1909;Titular;
820;Emilio de Villota;VIL;Espanha;0;15;0;0;0;0;0;Shadow, Ensign, March, Hesketh;26/01/1953;Titular;
821;Ottorino Volonterio;VOL;Suíça;0;3;0;0;0;0;0;Ferrari;06/04/1932;Titular;
822;Jo Vonlanthen;VON;Suíça;0;1;0;0;0;0;0;;29/12/1907;Titular;
823;Ernie de Vos;VOS;Canadá;0;1;0;0;0;0;0;;04/12/1910;Titular;
824;Bill Vukovich;VUK;Estados Unidos;0;6;1;2;2;3;19;;13/05/1918;Titular;
825;Nyck de Vries;DEV;Países Baixos;0;11;0;0;0;0;2;AlphaTauri, Williams;06/02/1995;Titular;
826;Syd van der Vyver;VYV;África do Sul;0;1;0;0;0;0;0;;07/02/1944;Titular;
827;Fred Wacker;WAC;Estados Unidos;0;5;0;0;0;0;0;;22/02/1908;Titular;
828;David Walker;WAL;Austrália;0;11;0;0;0;0;0;;11/05/1936;Titular;
829;Peter Walker;WAL;Reino Unido;0;4;0;0;0;0;0;;15/07/1926;Titular;
830;Lee Wallard;WAL;Estados Unidos;0;3;0;1;1;1;9;;03/06/1923;Titular;
831;Heini Walter;WAL;Suíça;0;1;0;0;0;0;0;;03/11/1907;Titular;
832;Rodger Ward;WAR;Estados Unidos;0;12;0;1;2;0;14;;31/10/1921;Titular;
833;Derek Warwick;WAR;Reino Unido;0;162;0;0;4;2;71;Toleman, Renault, Arrows, Lotus, Ligier, Footwork;27/02/1959;Titular;
834;John Watson;WAT;Reino Unido;0;154;2;5;20;5;169;McLaren, Penske, Brabham, Lotus, Ferrari, RAM;04/05/1946;Titular;
835;Spider Webb;WEB;Estados Unidos;0;5;0;0;0;0;0;;01/02/1919;Titular;
836;Mark Webber;WEB;Austrália;0;217;13;9;42;19;1047.5;Minardi, Jaguar, Red Bull;27/08/1976;Titular;
837;Pascal Wehrlein;WEH;Alemanha;0;40;0;0;0;0;6;Manor, Sauber;18/10/1994;Titular;
838;Volker Weidler;WEI;Alemanha;0;10;0;0;0;0;0;;18/03/1961;Titular;
839;Wayne Weiler;WEI;Estados Unidos;0;1;0;0;0;0;0;;19/09/1924;Titular;
840;Karl Wendlinger;WEN;Áustria;0;42;0;0;0;0;14;Sauber, Ligier, Simtek, Pacific;20/12/1968;Titular;
841;Peter Westbury;WES;Reino Unido;0;2;0;0;0;0;0;;05/02/1941;Titular;
842;Chuck Weyant;WEY;Estados Unidos;0;6;0;0;0;0;0;;03/11/1922;Titular;
843;Ken Wharton;WHA;Reino Unido;0;16;0;0;0;0;3;Ferrari;18/12/1921;Titular;
844;Ted Whiteaway;WHI;Reino Unido;0;1;0;0;0;0;0;;15/09/1914;Titular;
845;Graham Whitehead;WHI;Reino Unido;0;1;0;0;0;0;0;;21/09/1916;Titular;
846;Peter Whitehead;WHI;Reino Unido;0;12;0;0;1;0;4;Ferrari;01/07/1914;Titular;
847;Bill Whitehouse;WHI;Reino Unido;0;1;0;0;0;0;0;;03/01/1920;Titular;
848;Robin Widdows;WID;Reino Unido;0;1;0;0;0;0;0;;19/05/1945;Titular;
849;Eppie Wietzes;WIE;Canadá;0;2;0;0;0;0;0;;18/10/1945;Titular;
850;Mike Wilds;WIL;Reino Unido;0;8;0;0;0;0;0;;04/11/1949;Titular;
851;Jonathan Williams;WIL;Reino Unido;0;1;0;0;0;0;0;;30/12/1942;Titular;
852;Roger Williamson;WIL;Reino Unido;0;2;0;0;0;0;0;March, BRM, Tyrell;02/03/1948;Titular;
853;Dempsey Wilson;WIL;Estados Unidos;0;5;0;0;0;0;0;;12/02/1933;Titular;
854;Desiré Wilson;WIL;África do Sul;0;1;0;0;0;0;0;Shadow, Williams;26/12/1953;Titular;
855;Justin Wilson;WIL;Reino Unido;0;16;0;0;0;0;1;Minardi, Jaguar, Williams, Renault, Toyota;31/10/1978;Titular;
856;Vic Wilson;WIL;Reino Unido;0;2;0;0;0;0;0;;04/05/1928;Titular;
857;Joachim Winkelhock;WIN;Alemanha;0;7;0;0;0;0;0;BMW, Tyrell, Dallara, Zakspeed;18/02/1960;Titular;
858;Manfred Winkelhock;WIN;Alemanha;0;56;0;0;0;0;2;ATS, Arrows, Zakspeed, Renault;06/09/1951;Titular;
859;Markus Winkelhock;WIN;Alemanha;0;1;0;0;0;0;0;Minardi;13/06/1980;Titular;
860;Reine Wisell;WIS;Suécia;0;23;0;0;1;0;13;Lotus, March, BRM, Cooper;30/11/1936;Titular;
861;Roelof Wunderink;WUN;Países Baixos;0;6;0;0;0;0;0;;19/09/1938;Titular;
862;Alexander Wurz;WUR;Áustria;0;69;0;0;3;1;45;Benetton, McLaren, Williams, Honda;15/02/1974;Titular;
863;Sakon Yamamoto;YAM;Japão;0;21;0;0;0;0;0;Super Aguri, HRT;05/05/1983;Titular;
864;Alex Yoong;YOO;Malásia;0;18;0;0;0;0;0;Minardi;20/12/1976;Titular;
865;Alessandro Zanardi;ZAN;Itália;0;44;0;0;0;0;1;Lotus, Minardi, Williams;23/10/1966;Titular;
866;Emilio Zapico;ZAP;Espanha;0;1;0;0;0;0;0;;10/08/1921;Titular;
867;Guanyu Zhou;ZHO;China;0;62;0;0;0;2;12;Alfa Romeo, Sauber;30/05/1999;Titular;
868;Ricardo Zonta;ZON;Brasil;0;37;0;0;0;0;3;BAR, Toyota;20/10/1976;Titular;
869;Renzo Zorzi;ZOR;Itália;0;7;0;0;0;0;1;Toleman;13/06/1948;Titular;
870;Ricardo Zunino;ZUN;Argentina;0;11;0;0;0;0;0;;23/12/1962;Titular;
871;Gabriel Bortoleto;BOR;Brasil;0;0;0;0;0;0;0;Sauber;14/10/2003;Titular;
872;Isack Hadjar;HAD;França;0;0;0;0;0;0;0;Racing Bulls;25/10/2004;Titular;
873;Andrea Kimi Antonelli;ANT;Itália;0;0;0;0;0;0;0;Mercedes;20/08/2006;Titular;
874;Felipe Drugovich;DRU;Brasil;0;0;0;0;0;0;0;Aston Martin;23/05/2000;Treino Livre;
875;Arthur Leclerc;ALC;Mônaco;0;0;0;0;0;0;0;Ferrari;14/10/2000;Treino Livre;
876;Robert Shwartzman;SHW;Rússia;0;0;0;0;0;0;0;Ferrari, Sauber;16/09/1999;Treino Livre;
877;Patricio O'Ward;OWA;México;0;0;0;0;0;0;0;Mclaren;06/05/1999;Treino Livre;
878;Ryō Hirakawa;HIR;Japão;0;0;0;0;0;0;0;Mclaren;01/10/1993;Treino Livre;
879;Ayumu Iwasa;IWA;Japão;0;0;0;0;0;0;0;Racing Bulls;04/09/2002;Treino Livre;
880;Luke Browning;BRO;Reino Unido;0;0;0;0;0;0;0;Williams;12/05/2003;Treino Livre;
881;Théo Pourchaire;POU;França;0;0;0;0;0;0;0;Alfa Romeo;20/08/2003;Treino Livre;
882;Frederik Vesti;VES;Dinamarca;0;0;0;0;0;0;0;Mercedes;30/06/2003;Treino Livre;
883;Jake Dennis;DEN;Reino Unido;0;0;0;0;0;0;0;Red Bull;16/06/1995;Treino Livre;
884;Zak O'Sullivan;OSU;Reino Unido;0;0;0;0;0;0;0;Williams;01/10/2004;Treino Livre;
885;Álex Palou;PAL;Espanha;0;0;0;0;0;0;0;Mclaren;29/04/1997;Treino Livre;
886;Jüri Vips;VIP;Estônia;0;0;0;0;0;0;0;Red Bull;10/08/2000;Treino Livre;
887;Callum Ilott;ILO;Reino Unido;0;0;0;0;0;0;0;Haas, Alfa Romeo;11/11/1998;Treino Livre;
888;Roy Nissany;NIS;Israel;0;0;0;0;0;0;0;Williams;06/10/1994;Treino Livre;
889;Naoki Yamamoto;YAM;Japão;0;0;0;0;0;0;0;Toro Rosso;05/02/1988;Treino Livre;
890;Artem Markelov;MAR;Rússia;0;0;0;0;0;0;0;Renault;10/08/1994;Treino Livre;
891;Sean Gelael;GEL;Indonésia;0;0;0;0;0;0;0;Toro Rosso;01/11/1996;Treino Livre;
892;Alfonso Celis Jr.;CEL;México;0;0;0;0;0;0;0;Force India;15/06/1997;Treino Livre;
893;Jordan King;KIN;Reino Unido;0;0;0;0;0;0;0;Manor;10/12/1993;Treino Livre;
894;Fabio Leimer;LEI;Suíça;0;0;0;0;0;0;0;Manor;06/09/1989;Treino Livre;
895;Raffaele Marciello;MAR;Itália;0;0;0;0;0;0;0;Sauber;17/05/1990;Treino Livre;
896;Susie Wolff;WOL;Reino Unido;0;0;0;0;0;0;0;Williams;06/12/1982;Treino Livre;
897;Robin Frijns;FRI;Holanda;0;0;0;0;0;0;0;Caterham;07/08/1991;Treino Livre;
898;Daniel Juncadella;JUN;Espanha;0;0;0;0;0;0;0;Force India;07/05/1991;Treino Livre;
899;Adderly Fong;FON;Hong Kong;0;0;0;0;0;0;0;Sauber;10/05/1990;Treino Livre;
900;Ma Qing Hua;QHU;China;0;0;0;0;0;0;0;HRT, Caterham;19/06/1988;Treino Livre;
901;James Calado;CAL;Reino Unido;0;0;0;0;0;0;0;Force India;13/06/1989;Treino Livre;
902;Rodolfo González;GON;Venezuela;0;0;0;0;0;0;0;Marussia;13/06/1988;Treino Livre;
903;Dani Clos;CLO;Espanha;0;0;0;0;0;0;0;HRT;23/09/1988;Treino Livre;
904;Jan Charouz;CHA;República Tcheca;0;0;0;0;0;0;0;HRT;27/07/1988;Treino Livre;
905;Davide Valsecchi;VAL;Itália;0;0;0;0;0;0;0;Team Lotus;24/10/1987;Treino Livre;
906;Luiz Razia;RAZ;Brasil;0;0;0;0;0;0;0;Team Lotus;04/04/1989;Treino Livre;
907;Robert Wickens;WIC;Canadá;0;0;0;0;0;0;0;Marussia;13/03/1989;Treino Livre;
908;Fairuz Fauzy;FAU;Malásia;0;0;0;0;0;0;0;Team Lotus;25/01/1983;Treino Livre;
909;Jehan Daruvala;DAR;Índia;0;0;0;0;0;0;0;Force India, Red Bull;01/10/1998;Teste / Reserva / Desenvolvimento;
910;Steven Goldstein;GOL;Colômbia;0;0;0;0;0;0;0;Force India;15/06/1982;Teste / Reserva / Desenvolvimento;
911;Lucas Auer;AUE;Áustria;0;0;0;0;0;0;0;Force India, Red Bull;15/03/1994;Teste / Reserva / Desenvolvimento;
912;Sergio Canamasas;CAN;Espanha;0;0;0;0;0;0;0;Caterham;01/05/1989;Teste / Reserva / Desenvolvimento;
913;Nathanaël Berthon;BER;França;0;0;0;0;0;0;0;Caterham, HRT;26/12/1989;Teste / Reserva / Desenvolvimento;
914;Oliver Rowland;ROW;Reino Unido;0;0;0;0;0;0;0;Williams, Renault;15/08/1992;Teste / Reserva / Desenvolvimento;
915;Jamie Chadwick;CHA;Reino Unido;0;0;0;0;0;0;0;Williams;20/05/1998;Teste / Reserva / Desenvolvimento;
916;Dan Ticktum;TIC;Reino Unido;0;0;0;0;0;0;0;Williams, Red Bull;08/10/1998;Teste / Reserva / Desenvolvimento;
917;Oliver Gray;GRA;Reino Unido;0;0;0;0;0;0;0;Williams;28/08/2003;Teste / Reserva / Desenvolvimento;
918;Lirim Zendeli;ZEN;Alemanha;0;0;0;0;0;0;0;Sauber;13/02/2000;Teste / Reserva / Desenvolvimento;
919;Fabio Scherer;SCH;Suíça;0;0;0;0;0;0;0;Sauber;09/12/1998;Teste / Reserva / Desenvolvimento;
920;Raoul Hyman;HYM;África do Sul;0;0;0;0;0;0;0;Sauber;14/02/1994;Teste / Reserva / Desenvolvimento;
921;Roman Staněk;STA;República Tcheca;0;0;0;0;0;0;0;Sauber;27/07/2004;Teste / Reserva / Desenvolvimento;
922;Juan Manuel Correa;COR;Estados Unidos;0;0;0;0;0;0;0;Sauber, Alfa Romeo;09/08/1999;Teste / Reserva / Desenvolvimento;
923;Roberto Faria;FAR;Brasil;0;0;0;0;0;0;0;Sauber;10/06/1997;Teste / Reserva / Desenvolvimento;
924;Zane Maloney;MAL;Barbados;0;0;0;0;0;0;0;Sauber, Red Bull;04/02/2003;Teste / Reserva / Desenvolvimento;
925;Simona de Silvestro;SIL;Suíça;0;0;0;0;0;0;0;Sauber;01/09/1988;Teste / Reserva / Desenvolvimento;
926;Arvid Lindblad;LIN;Reino Unido;0;0;0;0;0;0;0;Red Bull;23/02/2007;Teste / Reserva / Desenvolvimento;
927;Oliver Goethe;GOE;Alemanha;0;0;0;0;0;0;0;Red Bull;01/01/2004;Teste / Reserva / Desenvolvimento;
928;Josep Maria Martí;MAR;Espanha;0;0;0;0;0;0;0;Red Bull;30/09/2004;Teste / Reserva / Desenvolvimento;
929;Tim Tramnitz;TRA;Alemanha;0;0;0;0;0;0;0;Red Bull;17/01/2005;Teste / Reserva / Desenvolvimento;
930;Nikola Tsolov;TSO;Búlgaria;0;0;0;0;0;0;0;Red Bull, Alpine;23/01/2005;Teste / Reserva / Desenvolvimento;
931;Kacper Sztuka;SZT;Polônia;0;0;0;0;0;0;0;Red Bull;09/05/2003;Teste / Reserva / Desenvolvimento;
932;Sebastián Montoya;MON;Colômbia;0;0;0;0;0;0;0;Red Bull;12/10/2004;Teste / Reserva / Desenvolvimento;
933;Enzo Fittipaldi;FIT;Brasil;0;0;0;0;0;0;0;Red Bull, Ferrari;18/07/2001;Teste / Reserva / Desenvolvimento;
934;Noel León;LEO;México;0;0;0;0;0;0;0;Red Bull;01/11/2003;Teste / Reserva / Desenvolvimento;
935;Jak Crawford;CRA;Estados Unidos;0;0;0;0;0;0;0;Red Bull, Aston Martin;29/06/2005;Teste / Reserva / Desenvolvimento;
936;Igor Fraga;FRA;Brasil;0;0;0;0;0;0;0;Red Bull;28/10/1998;Teste / Reserva / Desenvolvimento;
937;Dennis Hauger;HAU;Noruega;0;0;0;0;0;0;0;Red Bull;17/03/2003;Teste / Reserva / Desenvolvimento;
938;Jonny Edgar;EDG;Reino Unido;0;0;0;0;0;0;0;Red Bull;02/02/2004;Teste / Reserva / Desenvolvimento;
939;Nirei Fukuzumi;FUK;Japão;0;0;0;0;0;0;0;Red Bull, Mclaren;23/03/1996;Teste / Reserva / Desenvolvimento;
940;Richard Verschoor;VER;Holanda;0;0;0;0;0;0;0;Red Bull;30/11/2001;Teste / Reserva / Desenvolvimento;
941;Niko Kari;KAR;Finlândia;0;0;0;0;0;0;0;Red Bull;31/07/1999;Teste / Reserva / Desenvolvimento;
942;Sérgio Sette Câmara;SET;Brasil;0;0;0;0;0;0;0;Red Bull, Mclaren, Alpha Tauri;23/05/1998;Teste / Reserva / Desenvolvimento;
943;Luis Leeds;LEE;Austrália;0;0;0;0;0;0;0;Red Bull;10/01/2001;Teste / Reserva / Desenvolvimento;
944;Dean Stoneman;STO;Reino Unido;0;0;0;0;0;0;0;Red Bull, Williams;04/10/1990;Teste / Reserva / Desenvolvimento;
945;Alex Lynn;LYN;Reino Unido;0;0;0;0;0;0;0;Red Bull, Williams, Lotus;17/09/1993;Teste / Reserva / Desenvolvimento;
946;Tom Blomqvist;BLO;Reino Unido;0;0;0;0;0;0;0;Red Bull, Mclaren;22/10/1993;Teste / Reserva / Desenvolvimento;
947;António Félix da Costa;DAC;Portugal;0;0;0;0;0;0;0;Red Bull, Force India;31/10/1991;Teste / Reserva / Desenvolvimento;
948;Mirko Bortolotti;BOR;Itália;0;0;0;0;0;0;0;Red Bull, Ferrari;06/09/1990;Teste / Reserva / Desenvolvimento;
949;Tom Dillmann;DIL;França;0;0;0;0;0;0;0;Red Bull;15/08/1989;Teste / Reserva / Desenvolvimento;
950;Ricardo Maurício;MAU;Brasil;0;0;0;0;0;0;0;Red Bull;07/01/1979;Teste / Reserva / Desenvolvimento;
951;Philipp Eng;ENG;Áustria;0;0;0;0;0;0;0;Red Bull;28/02/1990;Teste / Reserva / Desenvolvimento;
952;Neel Jani;JAN;Suíça;0;0;0;0;0;0;0;Red Bull;08/12/1983;Teste / Reserva / Desenvolvimento;
953;Filipe Albuquerque;ALB;Portugal;0;0;0;0;0;0;0;Red Bull;13/06/1985;Teste / Reserva / Desenvolvimento;
954;Stefano Coletti;COL;Mônaco;0;0;0;0;0;0;0;Red Bull, Toro Rosso;15/04/1989;Teste / Reserva / Desenvolvimento;
955;Mikhail Aleshin;ALE;Rússia;0;0;0;0;0;0;0;Red Bull, Lotus;09/07/1987;Teste / Reserva / Desenvolvimento;
956;Alex Powell;POW;Jamaica;0;0;0;0;0;0;0;Mercedes;18/09/2007;Teste / Reserva / Desenvolvimento;
957;Paul Aron;ARO;Estônia;0;0;0;0;0;0;0;Mercedes, Alpine;19/09/2003;Teste / Reserva / Desenvolvimento;
958;Ugo Ugochukwu;UGO;Estados Unidos;0;0;0;0;0;0;0;Mclaren;10/05/2005;Teste / Reserva / Desenvolvimento;
959;Brando Badoer;BAD;Itália;0;0;0;0;0;0;0;Mclaren;23/08/2003;Teste / Reserva / Desenvolvimento;
960;Alex Dunne;DUN;Irlanda;0;0;0;0;0;0;0;Mclaren;20/11/2005;Teste / Reserva / Desenvolvimento;
961;Martinius Stenshorne;STE;Noruega;0;0;0;0;0;0;0;Mclaren;04/02/2005;Teste / Reserva / Desenvolvimento;
962;Oliver Turvey;TUR;Reino Unido;0;0;0;0;0;0;0;Mclaren;01/04/1987;Teste / Reserva / Desenvolvimento;
963;Nobuharu Matsushita;MAT;Japão;0;0;0;0;0;0;0;Mclaren, Sauber;28/02/1993;Teste / Reserva / Desenvolvimento;
964;Bianca Bustamante;BUS;Filipinas;0;0;0;0;0;0;0;Mclaren;09/12/2004;Teste / Reserva / Desenvolvimento;
965;Santino Ferrucci;FER;Estados Unidos;0;0;0;0;0;0;0;Haas;31/05/1998;Teste / Reserva / Desenvolvimento;
966;Arjun Maini;MAI;Índia;0;0;0;0;0;0;0;Haas;10/10/1998;Teste / Reserva / Desenvolvimento;
967;Louis Delétraz;DEL;Suíça;0;0;0;0;0;0;0;Haas, Renault;07/03/1997;Teste / Reserva / Desenvolvimento;
968;Dino Beganovic;BEG;Suécia;0;0;0;0;0;0;0;Ferrari;11/10/2002;Teste / Reserva / Desenvolvimento;
969;Rafael Câmara;CAM;Brasil;0;0;0;0;0;0;0;Ferrari;05/05/2005;Teste / Reserva / Desenvolvimento;
970;Tuukka Taponen;TAP;Finlândia;0;0;0;0;0;0;0;Ferrari;15/05/2004;Teste / Reserva / Desenvolvimento;
971;Aurelia Nobels;NOB;Brasil;0;0;0;0;0;0;0;Ferrari;20/05/2004;Teste / Reserva / Desenvolvimento;
972;Antonio Fuoco;FUO;Itália;0;0;0;0;0;0;0;Ferrari;20/10/1996;Teste / Reserva / Desenvolvimento;
973;Giuliano Alesi;ALE;França;0;0;0;0;0;0;0;Ferrari;20/09/1999;Teste / Reserva / Desenvolvimento;
974;Gianluca Petecof;PET;Brasil;0;0;0;0;0;0;0;Ferrari;14/11/2002;Teste / Reserva / Desenvolvimento;
975;Marcus Armstrong;ARM;Nova Zelândia;0;0;0;0;0;0;0;Ferrari;05/07/2000;Teste / Reserva / Desenvolvimento;
976;James Wharton;WHA;Austrália;0;0;0;0;0;0;0;Ferrari;04/01/2006;Teste / Reserva / Desenvolvimento;
977;Christian Lundgaard;LUN;Dinamarca;0;0;0;0;0;0;0;Alpine, Renault;14/05/2002;Teste / Reserva / Desenvolvimento;
978;Caio Collet;COL;Brasil;0;0;0;0;0;0;0;Alpine, Renault;27/06/2002;Teste / Reserva / Desenvolvimento;
979;Victor Martins;MAR;França;0;0;0;0;0;0;0;Alpine, Renault;15/01/2001;Teste / Reserva / Desenvolvimento;
980;Oliver Caldwell;CAL;Reino Unido;0;0;0;0;0;0;0;Alpine;22/06/2001;Teste / Reserva / Desenvolvimento;
981;Matheus Ferreira;FER;Brasil;0;0;0;0;0;0;0;Alpine;11/02/2007;Teste / Reserva / Desenvolvimento;
982;Kean Nakamura-Berta;NAK;Japão;0;0;0;0;0;0;0;Alpine;09/05/2002;Teste / Reserva / Desenvolvimento;
983;Abbi Pulling;PUL;Reino Unido;0;0;0;0;0;0;0;Alpine;04/05/2001;Teste / Reserva / Desenvolvimento;
984;Sophia Flörsch;FLO;Alemanha;0;0;0;0;0;0;0;Alpine;01/12/2000;Teste / Reserva / Desenvolvimento;
985;Yifei Ye;YYE;China;0;0;0;0;0;0;0;Renault;20/01/2003;Teste / Reserva / Desenvolvimento;
986;Anthoine Hubert;HUB;França;0;0;0;0;0;0;0;Renault;22/09/1996;Teste / Reserva / Desenvolvimento;
987;Max Fewtrell;FEW;Reino Unido;0;0;0;0;0;0;0;Renault;11/11/1999;Teste / Reserva / Desenvolvimento;
988;Sacha Fenestraz;FEN;França;0;0;0;0;0;0;0;Renault;19/10/1999;Teste / Reserva / Desenvolvimento;
989;Jarno Opmeer;OPM;Holanda;0;0;0;0;0;0;0;Renault;01/01/2001;Teste / Reserva / Desenvolvimento;
990;Kevin Jörg;JOR;Suíça;0;0;0;0;0;0;0;Renault;06/06/1997;Teste / Reserva / Desenvolvimento;
991;Ho-Pin Tung;TUN;China;0;0;0;0;0;0;0;Renault;04/08/1983;Teste / Reserva / Desenvolvimento;
992;Marco Sørensen;SOR;Dinamarca;0;0;0;0;0;0;0;Renault, Lotus;07/10/1990;Teste / Reserva / Desenvolvimento;
993;Loïc Duval;DUV;França;0;0;0;0;0;0;0;Renault;12/02/1982;Teste / Reserva / Desenvolvimento;
994;José Maria López;LOP;Argentina;0;0;0;0;0;0;0;Renault;26/04/1983;Teste / Reserva / Desenvolvimento;
995;Fabio Carbone;CAR;Brasil;0;0;0;0;0;0;0;Renault;13/12/1981;Teste / Reserva / Desenvolvimento;
996;Kevin Korjus;KOR;Estônia;0;0;0;0;0;0;0;Lotus;30/12/1993;Teste / Reserva / Desenvolvimento;
997;Óscar Tunjo;TUN;Colômbia;0;0;0;0;0;0;0;Lotus;13/05/1994;Teste / Reserva / Desenvolvimento;
998;Richie Stenaway;STE;Nova Zelândia;0;0;0;0;0;0;0;Lotus;16/05/1993;Teste / Reserva / Desenvolvimento;
999;Dorian Boccolacci;BOC;França;0;0;0;0;0;0;0;Lotus;23/01/1999;Teste / Reserva / Desenvolvimento;
1000;Alex Fontana;FON;Suíça;0;0;0;0;0;0;0;Lotus;08/11/1993;Teste / Reserva / Desenvolvimento;
1001;Marlon Stöckinger;STO;Filipinas;0;0;0;0;0;0;0;Lotus;30/08/1990;Teste / Reserva / Desenvolvimento;
1002;Nick Yelloly;YEL;Reino Unido;0;0;0;0;0;0;0;Aston Martin, Racing Point, Force India;01/12/1990;Teste / Reserva / Desenvolvimento;
1003;Marino Sato;SAT;Japão;0;0;0;0;0;0;0;Alpha Tauri;23/10/1997;Teste / Reserva / Desenvolvimento;
1004;Gary Paffett;PAF;Reino Unido;0;0;0;0;0;0;0;Williams, Mclaren, Force India;24/03/1981;Teste / Reserva / Desenvolvimento;
1005;Luca Ghiotto;GHI;Itália;0;0;0;0;0;0;0;Williams;19/08/1994;Teste / Reserva / Desenvolvimento;
1006;Gustav Malja;MAL;Suécia;0;0;0;0;0;0;0;Sauber;15/09/1996;Teste / Reserva / Desenvolvimento;
1007;Marco Wittmann;WIT;Alemanha;0;0;0;0;0;0;0;Toro Rosso;24/11/1989;Teste / Reserva / Desenvolvimento;
1008;Richard Goddard;GOD;Austrália;0;0;0;0;0;0;0;Force India;22/03/1993;Teste / Reserva / Desenvolvimento;
1009;Julián Leal;LEA;Colômbia;0;0;0;0;0;0;0;Caterham;23/08/1989;Teste / Reserva / Desenvolvimento;
1010;Sam Bird;BIR;Reino Unido;0;0;0;0;0;0;0;Mercedes;09/01/1987;Teste / Reserva / Desenvolvimento;
1011;Yelmer Buurman;BUU;Holanda;0;0;0;0;0;0;0;Force India;23/11/1986;Teste / Reserva / Desenvolvimento;
1012;Vladimir Arabadzhiev;ARA;Búlgaria;0;0;0;0;0;0;0;Team Lotus;15/05/1989;Teste / Reserva / Desenvolvimento;
1013;Jozef Král;KRA;República Tcheca;0;0;0;0;0;0;0;HRT;10/07/1990;Teste / Reserva / Desenvolvimento;
1014;Andy Soucek;SOU;Espanha;0;0;0;0;0;0;0;Williams, Marussia;19/10/1984;Teste / Reserva / Desenvolvimento;
1015;J. R. Hildebrand;HIL;Estados Unidos;0;0;0;0;0;0;0;Force India;03/02/1988;Teste / Reserva / Desenvolvimento;
1016;Mike Conway;CON;Reino Unido;0;0;0;0;0;0;0;Brawn GP, Honda;04/08/1983;Teste / Reserva / Desenvolvimento;
1017;Marko Asmer;ASM;Estônia;0;0;0;0;0;0;0;Sauber;30/08/1984;Teste / Reserva / Desenvolvimento;
1018;Sébastien Loeb;LOE;França;0;0;0;0;0;0;0;Red Bull;26/02/1974;Teste / Reserva / Desenvolvimento;
1019;James Rossiter;ROS;Reino Unido;0;0;0;0;0;0;0;Super Aguri, Force India;28/02/1985;Teste / Reserva / Desenvolvimento;
1020;Luca Filippi;FIL;Itália;0;0;0;0;0;0;0;Honda;14/10/1985;Teste / Reserva / Desenvolvimento;
1021;Davide Rigon;RIG;Itália;0;0;0;0;0;0;0;Ferrari;23/05/1987;Teste / Reserva / Desenvolvimento;
1022;Johnny Cecotto Jr.;CEC;Venezuela;0;0;0;0;0;0;0;Force India, Toro Rosso;19/02/1989;Teste / Reserva / Desenvolvimento;
1023;Kevin Ceccon;CEC;Itália;0;0;0;0;0;0;0;Toro Rosso;29/05/1993;Teste / Reserva / Desenvolvimento;
1024;Ricardo Teixeira;TEI;Angola;0;0;0;0;0;0;0;Team Lotus;22/09/1989;Teste / Reserva / Desenvolvimento;
1025;Adrian Quaife-Hobbs;QUA;Reino Unido;0;0;0;0;0;0;0;Marussia;04/05/1991;Teste / Reserva / Desenvolvimento;
1026;Edoardo Mortara;MOR;Itália;0;0;0;0;0;0;0;Lotus;12/01/1987;Teste / Reserva / Desenvolvimento;
1027;Nicolas Prost;PRO;França;0;0;0;0;0;0;0;Lotus;18/08/1981;Teste / Reserva / Desenvolvimento;
1028;Conor Daly;DAL;Estados Unidos;0;0;0;0;0;0;0;Force India;15/10/1991;Teste / Reserva / Desenvolvimento;
1029;María de Villota;VIL;Espanha;0;0;0;0;0;0;0;Marussia;13/01/1980;Teste / Reserva / Desenvolvimento;
1030;Kimiya Sato;SAT;Japão;0;0;0;0;0;0;0;Sauber;28/01/1993;Teste / Reserva / Desenvolvimento;
1031;Tio Ellinas;ELL;Chipre;0;0;0;0;0;0;0;Marussia;12/02/1994;Teste / Reserva / Desenvolvimento;
1032;Facundo Regalía;REG;Argentina;0;0;0;0;0;0;0;Force India;14/11/1994;Teste / Reserva / Desenvolvimento;
1033;Carmen Jordá;JOR;Espanha;0;0;0;0;0;0;0;Lotus, Renault;28/05/1988;Teste / Reserva / Desenvolvimento;
1034;Tatiana Calderón;CAL;Colômbia;0;0;0;0;0;0;0;Sauber;10/03/1993;Teste / Reserva / Desenvolvimento;
1035;Hélio Castroneves;CAS;Brasil;0;0;0;0;0;0;0;Toyota;10/05/1975;Teste / Reserva / Desenvolvimento;
1036;Tony Kanaan;KAN;Brasil;0;0;0;0;0;0;0;BAR;31/12/1974;Teste / Reserva / Desenvolvimento;
